accession	type	gene	product	parts
NC_079570.1	tRNA		tRNA-Val	17-81:1
NC_079570.1	tRNA		tRNA-Asn	81-150:1
NC_079570.1	tRNA		tRNA-Gly	234-301:1
NC_079570.1	CDS	COX1	cytochrome c oxidase subunit I	301-1846:1
NC_079570.1	tRNA		tRNA-Trp	1845-1914:1
NC_079570.1	rRNA		16S ribosomal RNA	1914-2989:1
NC_079570.1	tRNA		tRNA-Ile	2988-3052:1
NC_079570.1	CDS	ND2	NADH dehydrogenase subunit 2	3052-4048:1
NC_079570.1	tRNA		tRNA-Lys	4055-4119:1
NC_079570.1	CDS	ND4L	NADH dehydrogenase subunit 4L	4129-4375:1
NC_079570.1	tRNA		tRNA-Asp	4376-4439:1
NC_079570.1	rRNA		12S ribosomal RNA	4430-5099:1
NC_079570.1	tRNA		tRNA-Phe	5087-5154:1
NC_079570.1	tRNA		tRNA-Gln	5152-5219:1
NC_079570.1	tRNA		tRNA-Thr	5222-5291:1
NC_079570.1	tRNA		tRNA-Leu	5293-5359:1
NC_079570.1	CDS	ATP8	ATP synthase F0 subunit 8	5359-5464:1
NC_079570.1	CDS	ND3	NADH dehydrogenase subunit 3	5447-5834:1
NC_079570.1	tRNA		tRNA-Tyr	5834-5903:1
NC_079570.1	CDS	COX2	cytochrome c oxidase subunit II	5903-6581:1
NC_079570.1	CDS	CYTB	cytochrome b	6570-7674:1
NC_079570.1	tRNA		tRNA-Leu	7680-7748:1
NC_079570.1	tRNA		tRNA-Cys	7777-7844:1
NC_079570.1	tRNA		tRNA-Gly	8054-8118:1
NC_079570.1	tRNA		tRNA-His	8127-8187:1
NC_079570.1	tRNA		tRNA-Ser	8249-8316:1
NC_079570.1	CDS	ND4	NADH dehydrogenase subunit 4	8372-9698:1
NC_079570.1	tRNA		tRNA-Met	9711-9782:1
NC_079570.1	CDS	COX3	cytochrome c oxidase subunit III	9782-10577:1
NC_079570.1	CDS	ND1	NADH dehydrogenase subunit 1	10647-11571:1
NC_079570.1	tRNA		tRNA-Arg	11880-11955:1
NC_079570.1	tRNA		tRNA-Ser	12321-12386:1
NC_079570.1	CDS	ND6	NADH dehydrogenase subunit 6	12386-12824:1
NC_079570.1	tRNA		tRNA-Glu	12951-13021:1
NC_079570.1	tRNA		tRNA-Pro	13080-13148:1
NC_079570.1	CDS	ND5	NADH dehydrogenase subunit 5	13153-14887:1
NC_079570.1	tRNA		tRNA-Ala	14897-14962:1
NC_079570.1	CDS	ATP6	ATP synthase F0 subunit 6	14970-15600:1
NC_053533.1	CDS	COX1	cytochrome c oxidase subunit I	0-1551:1
NC_053533.1	CDS	ATP8	ATP synthase F0 subunit 8	1552-1663:1
NC_053533.1	CDS	ND3	NADH dehydrogenase subunit 3	1669-2062:1
NC_053533.1	tRNA		tRNA-Ala	2062-2128:1
NC_053533.1	tRNA		tRNA-Pro	2136-2199:1
NC_053533.1	CDS	ND4	NADH dehydrogenase subunit 4	2200-3532:1
NC_053533.1	tRNA		tRNA-Val	3617-3682:1
NC_053533.1	tRNA		tRNA-Val	3716-3771:1
NC_053533.1	tRNA		tRNA-Gly	3772-3835:1
NC_053533.1	tRNA		tRNA-Thr	3873-3941:1
NC_053533.1	CDS	ND6	NADH dehydrogenase subunit 6	3941-4385:1
NC_053533.1	tRNA		tRNA-Phe	4412-4475:1
NC_053533.1	tRNA		tRNA-Leu	4482-4544:1
NC_053533.1	tRNA		tRNA-Asn	4557-4624:1
NC_053533.1	tRNA		tRNA-Gly	4671-4734:1
NC_053533.1	tRNA		tRNA-Asp	4736-4800:1
NC_053533.1	CDS	COX3	cytochrome c oxidase subunit III	4800-5595:1
NC_053533.1	CDS	ND4L	NADH dehydrogenase subunit 4L	5602-5921:1
NC_053533.1	tRNA		tRNA-Lys	5942-6008:1
NC_053533.1	tRNA		tRNA-Met	6142-6214:1
NC_053533.1	tRNA		tRNA-Cys	6220-6291:1
NC_053533.1	rRNA		12S ribosomal RNA	6291-6977:1
NC_053533.1	CDS	COX2	cytochrome c oxidase subunit II	6977-7655:1
NC_053533.1	CDS	CYTB	cytochrome b	7665-8739:1
NC_053533.1	tRNA		tRNA-Tyr	8746-8814:1
NC_053533.1	tRNA		tRNA-Trp	8830-8899:1
NC_053533.1	tRNA		tRNA-Ile	8900-8964:1
NC_053533.1	tRNA		tRNA-Glu	8967-9032:1
NC_053533.1	CDS	ND2	NADH dehydrogenase subunit 2	9033-10038:1
NC_053533.1	tRNA		tRNA-His	10039-10105:1
NC_053533.1	tRNA		tRNA-Ser	10110-10178:1
NC_053533.1	tRNA		tRNA-Arg	10178-10240:1
NC_053533.1	tRNA		tRNA-Gln	10244-10310:1
NC_053533.1	tRNA		tRNA-Leu	10324-10391:1
NC_053533.1	CDS	ND5	NADH dehydrogenase subunit 5	10411-12124:1
NC_053533.1	tRNA		tRNA-Met	12123-12186:1
NC_053533.1	rRNA		16S ribosomal RNA	12186-13336:1
NC_053533.1	CDS	ND1	NADH dehydrogenase subunit 1	13336-14263:1
NC_053533.1	CDS	ATP6	ATP synthase F0 subunit 6	14272-14911:1
NC_053533.1	tRNA		tRNA-Ser	14909-14979:1
NC_037072.1	CDS	COX2	cytochrome c oxidase subunit II	0-678:1
NC_037072.1	tRNA	trnT	tRNA-Thr	680-748:1
NC_037072.1	tRNA	trnD	tRNA-Asp	747-815:1
NC_037072.1	CDS	ND1	NADH dehydrogenase subunit 1	818-1736:1
NC_037072.1	CDS	ND4L	NADH dehydrogenase subunit 4L	1737-1986:1
NC_037072.1	tRNA	trnG(GGN)	tRNA-Gly	1987-2053:1
NC_037072.1	CDS	CYTB	cytochrome b	2055-3159:1
NC_037072.1	tRNA	trnC	tRNA-Cys	3166-3233:1
NC_037072.1	tRNA	trnA	tRNA-Ala	3277-3344:1
NC_037072.1	tRNA	trnS(UCN)	tRNA-Ser	3347-3413:1
NC_037072.1	tRNA	trnM	tRNA-Met	3445-3511:1
NC_037072.1	tRNA	trnL(CUN)	tRNA-Leu	3518-3585:1
NC_037072.1	CDS	COX1	cytochrome c oxidase subunit I	3585-5135:1
NC_037072.1	CDS	ND6	NADH dehydrogenase subunit 6	5135-5588:1
NC_037072.1	tRNA	trnR	tRNA-Arg	5598-5667:1
NC_037072.1	CDS	ND2	NADH dehydrogenase subunit 2	5668-6673:1
NC_037072.1	tRNA	trnL(UUR)	tRNA-Leu	6677-6745:1
NC_037072.1	CDS	ND5	NADH dehydrogenase subunit 5	6747-8448:1
NC_037072.1	CDS	ND3	NADH dehydrogenase subunit 3	8455-8839:1
NC_037072.1	tRNA	trnN	tRNA-Asn	8843-8910:1
NC_037072.1	tRNA	trnW	tRNA-Trp	8914-8981:1
NC_037072.1	tRNA	trnV	tRNA-Val	8984-9046:1
NC_037072.1	tRNA	trnY	tRNA-Tyr	9047-9117:1
NC_037072.1	CDS	COX3	cytochrome c oxidase subunit III	9123-9906:1
NC_037072.1	tRNA	trnI	tRNA-Ile	9915-9981:1
NC_037072.1	tRNA	trnF	tRNA-Phe	9984-10052:1
NC_037072.1	tRNA	trnS(AGY)	tRNA-Ser	10055-10125:1
NC_037072.1	tRNA	trnM(AUA)	tRNA-Met	10128-10192:1
NC_037072.1	tRNA	trnH	tRNA-His	10244-10315:1
NC_037072.1	tRNA	trnK	tRNA-Lys	10334-10406:1
NC_037072.1	CDS	ATP6	ATP synthase F0 subunit 6	10406-11039:1
NC_037072.1	CDS	ATP8	ATP synthase F0 subunit 8	11039-11150:1
NC_037072.1	tRNA	trnP	tRNA-Pro	11165-11236:1
NC_037072.1	CDS	ND4	NADH dehydrogenase subunit 4	11237-12566:1
NC_037072.1	rRNA	rrnS	12S ribosomal RNA	12566-13283:1
NC_037072.1	rRNA	rrnL	16S ribosomal RNA	13283-14405:1
NC_037072.1	tRNA	trnQ	tRNA-Gln	14405-14471:1
NC_037072.1	tRNA	trnG(AGR)	tRNA-Gly	14474-14539:1
NC_037072.1	tRNA	trnE	tRNA-Glu	14543-14613:1
NC_034372.1	rRNA	rrnS	small subunit ribosomal RNA	0-711:1
NC_034372.1	tRNA	trnW	tRNA-Trp	711-772:1
NC_034372.1	CDS	ND6	NADH dehydrogenase subunit 6	772-1252:1
NC_034372.1	tRNA	trnG(ggn)	tRNA-Gly	1257-1325:1
NC_034372.1	tRNA	trnM(aua)	tRNA-Met	1362-1426:1
NC_034372.1	tRNA	trnD	tRNA-Asp	1458-1528:1
NC_034372.1	tRNA	trnS(agy)	tRNA-Ser	1532-1591:1
NC_034372.1	tRNA	trnM(aug)	tRNA-Met	1603-1667:1
NC_034372.1	tRNA	trnN	tRNA-Asn	1667-1736:1
NC_034372.1	CDS	ATP6	ATP synthase F0 subunit 6	1736-2369:1
NC_034372.1	CDS	ND2	NADH dehydrogenase subunit 2	2359-3433:1
NC_034372.1	tRNA	trnA	tRNA-Ala	3434-3496:1
NC_034372.1	CDS	COX2	cytochrome c oxidase subunit II	3496-4186:1
NC_034372.1	CDS	CYTB	cytochrome b	4160-5245:1
NC_034372.1	tRNA	trnP	tRNA-Pro	5245-5307:1
NC_034372.1	CDS	ND4L	NADH dehydrogenase subunit 4L	5307-5586:1
NC_034372.1	tRNA	trnH	tRNA-His	5586-5653:1
NC_034372.1	tRNA	trnR	tRNA-Arg	5656-5722:1
NC_034372.1	tRNA	trnQ	tRNA-Gln	5721-5788:1
NC_034372.1	CDS	COX3	cytochrome c oxidase subunit III	5789-6578:1
NC_034372.1	tRNA	trnK	tRNA-Lys	6663-6732:1
NC_034372.1	CDS	ND1	NADH dehydrogenase subunit 1	6781-7690:1
NC_034372.1	rRNA	rrnL	large subunit ribosomal RNA	7790-8890:1
NC_034372.1	tRNA	trnI	tRNA-Ile	8890-8956:1
NC_034372.1	CDS	ND3	NADH dehydrogenase subunit 3	8957-9299:1
NC_034372.1	tRNA	trnE	tRNA-Glu	9299-9369:1
NC_034372.1	tRNA	trnV	tRNA-Val	9369-9433:1
NC_034372.1	CDS	ND4	NADH dehydrogenase subunit 4	9435-10764:1
NC_034372.1	tRNA	trnF	tRNA-Phe	10773-10840:1
NC_034372.1	CDS	ATP8	ATP synthase F0 subunit 8	10851-10958:1
NC_034372.1	tRNA	trnC	tRNA-Cys	10958-11010:1
NC_034372.1	tRNA	trnG(agr)	tRNA-Gly	11054-11119:1
NC_034372.1	tRNA	trnY	tRNA-Tyr	11133-11199:1
NC_034372.1	tRNA	trnL(cun)	tRNA-Leu	11208-11273:1
NC_034372.1	tRNA	trnS(ucn)	tRNA-Ser	11274-11335:1
NC_034372.1	CDS	COX1	cytochrome c oxidase subunit I	11336-12899:1
NC_034372.1	tRNA	trnT	tRNA-Thr	12909-12973:1
NC_034372.1	CDS	ND5	NADH dehydrogenase subunit 5	12989-14724:1
NC_034372.1	tRNA	trnL(uur)	tRNA-Leu	14724-14790:1
NC_026107.1	CDS	COX3	cytochrome c oxidase subunit III	0-780:1
NC_026107.1	tRNA		tRNA-Asp	854-919:1
NC_026107.1	CDS	ND4L	NADH dehydrogenase subunit 4L	919-1156:1
NC_026107.1	tRNA		tRNA-Lys	1163-1228:1
NC_026107.1	tRNA		tRNA-Trp	1227-1292:1
NC_026107.1	tRNA		tRNA-Arg	1293-1358:1
NC_026107.1	CDS	ND1	NADH dehydrogenase subunit 1	1358-2219:1
NC_026107.1	tRNA		tRNA-Phe	2218-2296:1
NC_026107.1	tRNA		tRNA-Ile	2288-2360:1
NC_026107.1	rRNA		small subunit ribosomal RNA	2360-3000:1
NC_026107.1	tRNA	trnS(gct)	tRNA-Ser	3000-3060:1
NC_026107.1	tRNA	trnG(tct)	tRNA-Gly	3061-3126:1
NC_026107.1	CDS	ND2	NADH dehydrogenase subunit 2	3132-4013:1
NC_026107.1	tRNA	trnL(tag)	tRNA-Leu	4012-4080:1
NC_026107.1	CDS	ND5	NADH dehydrogenase subunit 5	4081-5639:1
NC_026107.1	tRNA		tRNA-Thr	5639-5702:1
NC_026107.1	CDS	CYTB	cytochrome b	5702-6791:1
NC_026107.1	tRNA		tRNA-Ala	6791-6855:1
NC_026107.1	CDS	ATP6	ATP synthase F0 subunit 6	6828-7395:1
NC_026107.1	tRNA	trnM(tat)	tRNA-Met	7398-7465:1
NC_026107.1	tRNA		tRNA-Cys	7466-7522:1
NC_026107.1	tRNA		tRNA-Val	7527-7593:1
NC_026107.1	CDS	COX2	cytochrome c oxidase subunit II	7581-8259:1
NC_026107.1	tRNA	trnL(taa)	tRNA-Leu	8259-8323:1
NC_026107.1	tRNA		tRNA-Pro	8323-8391:1
NC_026107.1	CDS	ND3	NADH dehydrogenase subunit 3	8391-8712:1
NC_026107.1	CDS	ND4	NADH dehydrogenase subunit 4	8713-9937:1
NC_026107.1	CDS	COX1	cytochrome c oxidase subunit I	9942-11480:1
NC_026107.1	tRNA		tRNA-Gln	11480-11548:1
NC_026107.1	tRNA	trnS(tga)	tRNA-Ser	11547-11609:1
NC_026107.1	tRNA		tRNA-His	11610-11673:1
NC_026107.1	tRNA	trnM(cat)	tRNA-Met	11676-11743:1
NC_026107.1	tRNA		tRNA-Tyr	11743-11810:1
NC_026107.1	CDS	ND6	NADH dehydrogenase subunit 6	11810-12245:1
NC_026107.1	tRNA		tRNA-Asn	12246-12313:1
NC_026107.1	tRNA	trnG(tcc)	tRNA-Gly	12310-12373:1
NC_026107.1	tRNA		tRNA-Glu	12374-12440:1
NC_026107.1	rRNA	rrnS	large subunit ribosomal RNA	12440-13424:1
NC_024105.1	CDS	COX2	cytochrome c oxidase subunit II	0-687:1
NC_024105.1	tRNA	trnF	tRNA-Phe	695-766:1
NC_024105.1	CDS	ND3	NADH dehydrogenase subunit 3	829-1168:1
NC_024105.1	tRNA	trnV	tRNA-Val	1175-1246:1
NC_024105.1	tRNA	trnL(UUR)	tRNA-Leu	1255-1326:1
NC_024105.1	tRNA	trnS(UCN)	tRNA-Ser	1329-1405:1
NC_024105.1	CDS	COX3	cytochrome c oxidase subunit III	1406-2192:1
NC_024105.1	tRNA	trnQ	tRNA-Gln	2195-2263:1
NC_024105.1	tRNA	trnR	tRNA-Arg	2260-2327:1
NC_024105.1	tRNA	trnG(AGR)	tRNA-Gly	2326-2391:1
NC_024105.1	tRNA	trnH	tRNA-His	2389-2467:1
NC_024105.1	tRNA	trnC	tRNA-Cys	2467-2534:1
NC_024105.1	CDS	COX1	cytochrome c oxidase subunit I	2535-4080:1
NC_024105.1	CDS	ND5	NADH dehydrogenase subunit 5	4092-5814:1
NC_024105.1	tRNA	trnT	tRNA-Thr	5819-5887:1
NC_024105.1	tRNA	trnY	tRNA-Tyr	5895-5965:1
NC_024105.1	tRNA	trnL(CUN)	tRNA-Leu	6054-6127:1
NC_024105.1	rRNA	12S rRNA	s-rRNA	6127-6816:1
NC_024105.1	tRNA	trnS(AGY)	tRNA-Ser	6816-6882:1
NC_024105.1	tRNA	trnK	tRNA-Lys	6893-6960:1
NC_024105.1	tRNA	trnD	tRNA-Asp	6958-7035:1
NC_024105.1	tRNA	trnW	tRNA-Trp	7037-7105:1
NC_024105.1	tRNA	trnM(AUA)	tRNA-Met	7110-7183:1
NC_024105.1	CDS	ND2	NADH dehydrogenase subunit 2	7207-8164:1
NC_024105.1	tRNA	trnN	tRNA-Asn	8189-8260:1
NC_024105.1	CDS	CYTB	cytochrome b	8263-9352:1
NC_024105.1	tRNA	trnE	tRNA-Glu	9353-9419:1
NC_024105.1	tRNA	trnP	tRNA-Pro	9414-9492:1
NC_024105.1	tRNA	trnI	tRNA-Ile	9493-9565:1
NC_024105.1	rRNA	16S rRNA	l-rRNA	9565-10702:1
NC_024105.1	CDS	ATP8	ATP synthase F0 subunit 8	10702-10789:1
NC_024105.1	CDS	ND4	NADH dehydrogenase subunit 4	10793-12118:1
NC_024105.1	tRNA	trnA	tRNA-Ala	12118-12183:1
NC_024105.1	CDS	ATP6	ATP synthase F0 subunit 6	12184-12808:1
NC_024105.1	CDS	ND4L	NADH dehydrogenase subunit 4L	12830-13091:1
NC_024105.1	CDS	ND6	NADH dehydrogenase subunit 6	13102-13555:1
NC_024105.1	tRNA	trnM(AUG)	tRNA-Met	13558-13627:1
NC_024105.1	CDS	ND1	NADH dehydrogenase subunit 1	13628-14528:1
NC_024105.1	tRNA	trnG(GGN)	tRNA-Gly	14535-14601:1
NC_024104.1	CDS	COX1	cytochrome c oxidase subunit I	0-1548:1
NC_024104.1	tRNA	trnS(UCN)	tRNA-Ser	1550-1614:1
NC_024104.1	CDS	ND6	NADH dehydrogenase subunit 6	1617-2061:1
NC_024104.1	tRNA	trnQ	tRNA-Gln	2063-2126:1
NC_024104.1	tRNA	trnR	tRNA-Arg	2133-2195:1
NC_024104.1	CDS	ATP8	ATP synthase F0 subunit 8	2195-2294:1
NC_024104.1	tRNA	trnF	tRNA-Phe	2297-2364:1
NC_024104.1	tRNA	trnL(UUR)	tRNA-Leu	2362-2426:1
NC_024104.1	CDS	ND5	NADH dehydrogenase subunit 5	2430-4152:1
NC_024104.1	tRNA	trnK	tRNA-Lys	4152-4219:1
NC_024104.1	CDS	ND1	NADH dehydrogenase subunit 1	4219-5149:1
NC_024104.1	CDS	ND2	NADH dehydrogenase subunit 2	5173-6208:1
NC_024104.1	tRNA	trnL(CUN)	tRNA-Leu	6209-6276:1
NC_024104.1	CDS	COX2	cytochrome c oxidase subunit II	6276-6960:1
NC_024104.1	CDS	CYTB	cytochrome b	6949-8056:1
NC_024104.1	tRNA	trnY	tRNA-Tyr	8059-8124:1
NC_024104.1	tRNA	trnV	tRNA-Val	8124-8189:1
NC_024104.1	CDS	COX3	cytochrome c oxidase subunit III	8189-8975:1
NC_024104.1	tRNA	trnC	tRNA-Cys	8988-9051:1
NC_024104.1	tRNA	trnW	tRNA-Trp	9052-9116:1
NC_024104.1	rRNA	rrnS	s-rRNA	9116-9778:1
NC_024104.1	tRNA	trnS(AGY)	tRNA-Ser	9778-9844:1
NC_024104.1	tRNA	trnA	tRNA-Ala	9847-9909:1
NC_024104.1	tRNA	trnG(AGR)	tRNA-Gly	9908-9970:1
NC_024104.1	CDS	ND3	NADH dehydrogenase subunit 3	9973-10353:1
NC_024104.1	tRNA	trnM(UAU)	tRNA-Met	10353-10416:1
NC_024104.1	tRNA	trnT	tRNA-Thr	10425-10491:1
NC_024104.1	tRNA	trnN	tRNA-Asn	10491-10560:1
NC_024104.1	tRNA	trnH	tRNA-His	10562-10625:1
NC_024104.1	tRNA	trnG(GGN)	tRNA-Gly	10683-10747:1
NC_024104.1	CDS	ND4L	NADH dehydrogenase subunit 4L	10747-10990:1
NC_024104.1	tRNA	trnM	tRNA-Met	10991-11053:1
NC_024104.1	tRNA	trnD	tRNA-Asp	11055-11123:1
NC_024104.1	rRNA	rrnL	l-rRNA	11123-12163:1
NC_024104.1	tRNA	trnI	tRNA-Ile	12163-12226:1
NC_024104.1	CDS	ATP6	ATP synthase F0 subunit 6	12226-12856:1
NC_024104.1	tRNA	trnP	tRNA-Pro	12863-12925:1
NC_024104.1	CDS	ND4	NADH dehydrogenase subunit 4	12925-14254:1
NC_024104.1	tRNA	trnE	tRNA-Glu	14261-14323:1
NC_024103.1	CDS	COX1	cytochrome c oxidase subunit I	0-1548:1
NC_024103.1	tRNA	trnS(UCN)	tRNA-Ser	1552-1619:1
NC_024103.1	CDS	ND6	NADH dehydrogenase subunit 6	1622-2066:1
NC_024103.1	tRNA	trnQ	tRNA-Gln	2068-2133:1
NC_024103.1	tRNA	trnR	tRNA-Arg	2134-2203:1
NC_024103.1	CDS	ATP8	ATP synthase F0 subunit 8	2203-2302:1
NC_024103.1	tRNA	trnF	tRNA-Phe	2306-2375:1
NC_024103.1	tRNA	trnL(UUR)	tRNA-Leu	2373-2439:1
NC_024103.1	CDS	ND5	NADH dehydrogenase subunit 5	2439-4161:1
NC_024103.1	tRNA	trnK	tRNA-Lys	4162-4228:1
NC_024103.1	CDS	ND1	NADH dehydrogenase subunit 1	4228-5155:1
NC_024103.1	CDS	ND2	NADH dehydrogenase subunit 2	5207-6218:1
NC_024103.1	tRNA	trnL(CUN)	tRNA-Leu	6218-6285:1
NC_024103.1	CDS	COX2	cytochrome c oxidase subunit II	6285-6969:1
NC_024103.1	CDS	CYTB	cytochrome b	6958-8064:1
NC_024103.1	tRNA	trnY	tRNA-Tyr	8064-8131:1
NC_024103.1	tRNA	trnV	tRNA-Val	8132-8194:1
NC_024103.1	CDS	COX3	cytochrome c oxidase subunit III	8194-8980:1
NC_024103.1	tRNA	trnC	tRNA-Cys	8987-9049:1
NC_024103.1	tRNA	trnW	tRNA-Trp	9052-9126:1
NC_024103.1	rRNA	rrnS	s-rRNA	9126-9773:1
NC_024103.1	tRNA	trnS(AGY)	tRNA-Ser	9773-9839:1
NC_024103.1	tRNA	trnA	tRNA-Ala	9838-9901:1
NC_024103.1	tRNA	trnG(AGR)	tRNA-Gly	9901-9968:1
NC_024103.1	CDS	ND3	NADH dehydrogenase subunit 3	9971-10351:1
NC_024103.1	tRNA	trnM(UAU)	tRNA-Met	10351-10414:1
NC_024103.1	tRNA	trnT	tRNA-Thr	10452-10518:1
NC_024103.1	tRNA	trnN	tRNA-Asn	10536-10607:1
NC_024103.1	tRNA	trnH	tRNA-His	10623-10687:1
NC_024103.1	tRNA	trnG(GGN)	tRNA-Gly	10765-10823:1
NC_024103.1	CDS	ND4L	NADH dehydrogenase subunit 4L	10824-11067:1
NC_024103.1	tRNA	trnM	tRNA-Met	11069-11134:1
NC_024103.1	tRNA	trnD	tRNA-Asp	11134-11204:1
NC_024103.1	rRNA	rrnL	l-rRNA	11204-12244:1
NC_024103.1	tRNA	trnI	tRNA-Ile	12244-12309:1
NC_024103.1	CDS	ATP6	ATP synthase F0 subunit 6	12309-12939:1
NC_024103.1	tRNA	trnP	tRNA-Pro	12945-13009:1
NC_024103.1	CDS	ND4	NADH dehydrogenase subunit 4	13009-14338:1
NC_024103.1	tRNA	trnE	tRNA-Glu	14344-14408:1
NC_021467.1	CDS	COX2	cytochrome c oxidase subunit II	0-684:1
NC_021467.1	CDS	CYTB	cytochrome b	673-1779:1
NC_021467.1	tRNA	trnY	tRNA-Tyr	1779-1844:1
NC_021467.1	tRNA	trnV	tRNA-Val	1846-1909:1
NC_021467.1	CDS	COX3	cytochrome c oxidase subunit III	1909-2695:1
NC_021467.1	tRNA	trnC	tRNA-Cys	2713-2776:1
NC_021467.1	tRNA	trnW	tRNA-Trp	2779-2851:1
NC_021467.1	rRNA	rrnS	s-rRNA	2851-3539:1
NC_021467.1	tRNA	trnS(AGY)	tRNA-Ser	3539-3605:1
NC_021467.1	tRNA	trnA	tRNA-Ala	3604-3667:1
NC_021467.1	tRNA	trnG(AGR)	tRNA-Gly	3666-3729:1
NC_021467.1	CDS	ND3	NADH dehydrogenase subunit 3	3732-4112:1
NC_021467.1	tRNA	trnM(UAU)	tRNA-Met	4112-4174:1
NC_021467.1	tRNA	trnT	tRNA-Thr	4206-4271:1
NC_021467.1	tRNA	trnN	tRNA-Asn	4273-4338:1
NC_021467.1	tRNA	trnH	tRNA-His	4354-4416:1
NC_021467.1	tRNA	trnG(GGN)	tRNA-Gly	4481-4543:1
NC_021467.1	CDS	ND4L	NADH dehydrogenase subunit 4L	4544-4787:1
NC_021467.1	tRNA	trnM	tRNA-Met	4788-4851:1
NC_021467.1	tRNA	trnD	tRNA-Asp	4851-4919:1
NC_021467.1	rRNA	rrnL	l-rRNA	4919-5975:1
NC_021467.1	tRNA	trnI	tRNA-Ile	5975-6038:1
NC_021467.1	CDS	ATP6	ATP synthase F0 subunit 6	6038-6668:1
NC_021467.1	tRNA	trnP	tRNA-Pro	6674-6739:1
NC_021467.1	CDS	ND4	NADH dehydrogenase subunit 4	6739-8068:1
NC_021467.1	tRNA	trnE	tRNA-Glu	8073-8137:1
NC_021467.1	CDS	COX1	cytochrome c oxidase subunit I	8137-9688:1
NC_021467.1	tRNA	trnS(UCN)	tRNA-Ser	9693-9757:1
NC_021467.1	CDS	ND6	NADH dehydrogenase subunit 6	9761-10205:1
NC_021467.1	tRNA	trnQ	tRNA-Gln	10208-10273:1
NC_021467.1	tRNA	trnR	tRNA-Arg	10274-10340:1
NC_021467.1	CDS	ATP8	ATP synthase F0 subunit 8	10340-10439:1
NC_021467.1	tRNA	trnF	tRNA-Phe	10443-10511:1
NC_021467.1	tRNA	trnL(UUR)	tRNA-Leu	10509-10576:1
NC_021467.1	CDS	ND5	NADH dehydrogenase subunit 5	10576-12298:1
NC_021467.1	tRNA	trnK	tRNA-Lys	12302-12371:1
NC_021467.1	CDS	ND1	NADH dehydrogenase subunit 1	12371-13298:1
NC_021467.1	CDS	ND2	NADH dehydrogenase subunit 2	13322-14360:1
NC_021467.1	tRNA	trnL(CUN)	tRNA-Leu	14360-14427:1
NC_017929.1	rRNA	rrnS	12S ribosomal RNA	0-660:1
NC_017929.1	tRNA	trnW	tRNA-Trp	660-722:1
NC_017929.1	CDS	ND6	NADH dehydrogenase subunit 6	722-1205:1
NC_017929.1	tRNA	trnG(GGN)	tRNA-Gly	1211-1279:1
NC_017929.1	tRNA	trnM(AUA)	tRNA-Met	1281-1344:1
NC_017929.1	tRNA	trnD	tRNA-Asp	1348-1416:1
NC_017929.1	tRNA	trnS(AGY)	tRNA-Ser	1427-1487:1
NC_017929.1	tRNA	trnM(AUG)	tRNA-Met	1493-1560:1
NC_017929.1	tRNA	trnN	tRNA-Asn	1560-1630:1
NC_017929.1	CDS	ATP6	ATP synthase F0 subunit 6	1630-2263:1
NC_017929.1	CDS	ND2	NADH dehydrogenase subunit 2	2255-3329:1
NC_017929.1	tRNA	trnA	tRNA-Ala	3345-3407:1
NC_017929.1	CDS	COX2	cytochrome c oxidase subunit II	3407-4097:1
NC_017929.1	CDS	CYTB	cytochrome b	4068-5156:1
NC_017929.1	tRNA	trnP	tRNA-Pro	5156-5218:1
NC_017929.1	CDS	ND4L	NADH dehydrogenase subunit 4L	5226-5499:1
NC_017929.1	tRNA	trnH	tRNA-His	5499-5569:1
NC_017929.1	tRNA	trnR	tRNA-Arg	5572-5640:1
NC_017929.1	tRNA	trnQ	tRNA-Gln	5639-5706:1
NC_017929.1	CDS	COX3	cytochrome c oxidase subunit III	5707-6496:1
NC_017929.1	tRNA	trnK	tRNA-Lys	6497-6566:1
NC_017929.1	CDS	ND1	NADH dehydrogenase subunit 1	6610-7519:1
NC_017929.1	rRNA	rrnL	large subunit ribosomal RNA	7590-8719:1
NC_017929.1	tRNA	trnI	tRNA-Ile	8719-8786:1
NC_017929.1	CDS	ND3	NADH dehydrogenase subunit 3	8787-9129:1
NC_017929.1	tRNA	trnE	tRNA-Glu	9129-9199:1
NC_017929.1	tRNA	trnV	tRNA-Val	9199-9264:1
NC_017929.1	CDS	ND4	NADH dehydrogenase subunit 4	9277-10597:1
NC_017929.1	tRNA	trnC	tRNA-Cys	10606-10658:1
NC_017929.1	tRNA	trnF	tRNA-Phe	10671-10739:1
NC_017929.1	CDS	ATP8	ATP synthase F0 subunit 8	10753-10864:1
NC_017929.1	tRNA	trnG(AGR)	tRNA-Gly	10884-10952:1
NC_017929.1	tRNA	trnY	tRNA-Tyr	10964-11031:1
NC_017929.1	tRNA	trnL(CUN)	tRNA-Leu	11034-11098:1
NC_017929.1	tRNA	trnS(UCN)	tRNA-Ser	11098-11159:1
NC_017929.1	CDS	COX1	cytochrome c oxidase subunit I	11160-12723:1
NC_017929.1	tRNA	trnT	tRNA-Thr	12724-12788:1
NC_017929.1	CDS	ND5	NADH dehydrogenase subunit 5	12791-14523:1
NC_017929.1	tRNA	trnL(UUR)	tRNA-Leu	14523-14591:1
NC_013752.1	CDS	COX2	cytochrome c oxidase subunit II	0-684:1
NC_013752.1	CDS	CYTB	cytochrome b	673-1777:1
NC_013752.1	tRNA	trnY	tRNA-Tyr	1787-1858:1
NC_013752.1	tRNA	trnC	tRNA-Cys	1862-1927:1
NC_013752.1	tRNA	trnL (UUR)	tRNA-Leu	2027-2095:1
NC_013752.1	CDS	ND5	NADH dehydrogenase subunit 5	2104-3831:1
NC_013752.1	tRNA	trnF	tRNA-Phe	3831-3901:1
NC_013752.1	tRNA	trnS (UCN)	tRNA-Ser	3911-3981:1
NC_013752.1	tRNA	trnV	tRNA-Val	3981-4048:1
NC_013752.1	tRNA	trnR	tRNA-Arg	4051-4113:1
NC_013752.1	CDS	ND2	NADH dehydrogenase subunit 2	4122-5136:1
NC_013752.1	tRNA	trnL (CUN)	tRNA-Leu	5188-5253:1
NC_013752.1	CDS	ND4	NADH dehydrogenase subunit 4	5252-6596:1
NC_013752.1	CDS	ND3	NADH dehydrogenase subunit 3	6606-7011:1
NC_013752.1	tRNA	trnT	tRNA-Thr	7013-7078:1
NC_013752.1	tRNA	trnG (AGR)	tRNA-Gly	7104-7172:1
NC_013752.1	tRNA	trnS (AGY)	tRNA-Ser	7175-7243:1
NC_013752.1	tRNA	trnE	tRNA-Glu	7253-7324:1
NC_013752.1	tRNA	trnG (GGN)	tRNA-Gly	7354-7424:1
NC_013752.1	CDS	ATP6	ATP synthase F0 subunit 6	7475-8117:1
NC_013752.1	tRNA	trnM	tRNA-Met	8122-8191:1
NC_013752.1	tRNA	trnP	tRNA-Pro	8228-8296:1
NC_013752.1	tRNA	trnH	tRNA-His	8355-8415:1
NC_013752.1	CDS	ND1	NADH dehydrogenase subunit 1	8491-9379:1
NC_013752.1	tRNA	trnQ	tRNA-Gln	9391-9455:1
NC_013752.1	rRNA	rrnS	s-rRNA	9455-10156:1
NC_013752.1	tRNA	trnD	tRNA-Asp	10156-10227:1
NC_013752.1	tRNA	trnW	tRNA-Trp	10218-10282:1
NC_013752.1	tRNA	trnH	tRNA-His	10284-10348:1
NC_013752.1	CDS	ATP8	ATP synthase F0 subunit 8	10365-10473:1
NC_013752.1	tRNA	trnA	tRNA-Ala	10477-10539:1
NC_013752.1	tRNA	trnM (AUA)	tRNA-Met	10542-10610:1
NC_013752.1	tRNA	trnN	tRNA-Asn	10628-10698:1
NC_013752.1	CDS	ND6	NADH dehydrogenase subunit 6	10709-11156:1
NC_013752.1	rRNA	rrnL	l-rRNA	11156-12285:1
NC_013752.1	tRNA	trnK	tRNA-Lys	12285-12357:1
NC_013752.1	tRNA	trnI	tRNA-Ile	12379-12442:1
NC_013752.1	CDS	COX3	cytochrome c oxidase subunit III	12447-13232:1
NC_013752.1	CDS	ND4L	NADH dehydrogenase subunit 4L	13232-13508:1
NC_013752.1	CDS	COX1	cytochrome c oxidase subunit I	13464-15021:1
NC_013584.1	CDS	COX2	cytochrome c oxidase subunit II	0-678:1
NC_013584.1	tRNA	trnL (CUN)	tRNA-Leu	678-745:1
NC_013584.1	CDS	ND5	NADH dehydrogenase subunit 5	827-2520:1
NC_013584.1	tRNA	trnD	tRNA-Asp	2520-2593:1
NC_013584.1	tRNA	trnK	tRNA-Lys	2601-2674:1
NC_013584.1	CDS	ND6	NADH dehydrogenase subunit 6	2683-3142:1
NC_013584.1	CDS	ND4L	NADH dehydrogenase subunit 4L	3157-3421:1
NC_013584.1	tRNA	trnT	tRNA-Thr	3441-3511:1
NC_013584.1	tRNA	trnY	tRNA-Tyr	3559-3624:1
NC_013584.1	tRNA	trnM (TAT)	tRNA-Met	3624-3696:1
NC_013584.1	tRNA	trnS (UCN)	tRNA-Ser	3693-3762:1
NC_013584.1	CDS	COX3	cytochrome c oxidase subunit III	3767-4553:1
NC_013584.1	tRNA	trnQ	tRNA-Gln	4554-4632:1
NC_013584.1	tRNA	trnG (AGR)	tRNA-Gly	4685-4759:1
NC_013584.1	tRNA	trnL (UUR)	tRNA-Leu	4817-4885:1
NC_013584.1	CDS	ND1	NADH dehydrogenase subunit 1	4920-5830:1
NC_013584.1	tRNA	trnW	tRNA-Trp	5830-5895:1
NC_013584.1	CDS	CYTB	cytochrome b	5905-6994:1
NC_013584.1	tRNA	trnM	tRNA-Met	7010-7082:1
NC_013584.1	CDS	ND3	NADH dehydrogenase subunit 3	7103-7490:1
NC_013584.1	rRNA	rrnS	s-rRNA	7490-8246:1
NC_013584.1	tRNA	trnS (AGY)	tRNA-Ser	8246-8301:1
NC_013584.1	tRNA	trnF	tRNA-Phe	8360-8434:1
NC_013584.1	tRNA	trnH	tRNA-His	8451-8532:1
NC_013584.1	tRNA	trnC	tRNA-Cys	8531-8585:1
NC_013584.1	tRNA	trnE	tRNA-Glu	8598-8663:1
NC_013584.1	CDS	COX1	cytochrome c oxidase subunit I	8667-10224:1
NC_013584.1	tRNA	trnN	tRNA-Asn	10246-10321:1
NC_013584.1	CDS	ND2	NADH dehydrogenase subunit 2	10381-11324:1
NC_013584.1	tRNA	trnR	tRNA-Arg	11324-11399:1
NC_013584.1	tRNA	trnI	tRNA-Ile	11423-11491:1
NC_013584.1	CDS	ATP8	ATP synthase F0 subunit 8	11494-11602:1
NC_013584.1	rRNA	rrnL	l-rRNA	11602-12895:1
NC_013584.1	tRNA	trnG (GGN)	tRNA-Gly	12895-12961:1
NC_013584.1	tRNA	trnA	tRNA-Ala	12962-13038:1
NC_013584.1	CDS	ATP6	ATP synthase F0 subunit 6	13038-13656:1
NC_013584.1	tRNA	trnP	tRNA-Pro	13697-13772:1
NC_013584.1	CDS	ND4	NADH dehydrogenase subunit 4	13776-15115:1
NC_013584.1	tRNA	trnV	tRNA-Val	15115-15183:1
NC_013565.1	CDS	COX2	cytochrome c oxidase subunit II	0-681:1
NC_013565.1	tRNA	trnT	tRNA-Thr	682-749:1
NC_013565.1	tRNA	trnD	tRNA-Asp	748-817:1
NC_013565.1	CDS	ND1	NADH dehydrogenase subunit 1	817-1729:1
NC_013565.1	CDS	ND4L	NADH dehydrogenase subunit 4L	1741-1984:1
NC_013565.1	tRNA	trnG (GGN)	tRNA-Gly	1987-2052:1
NC_013565.1	CDS	CYTB	cytochrome b	2052-3156:1
NC_013565.1	tRNA	trnC	tRNA-Cys	3172-3247:1
NC_013565.1	tRNA	trnA	tRNA-Ala	3259-3329:1
NC_013565.1	tRNA	trnS (UCN)	tRNA-Ser	3328-3393:1
NC_013565.1	tRNA	trnM	tRNA-Met	3393-3460:1
NC_013565.1	tRNA	trnL (CUN)	tRNA-Leu	3459-3527:1
NC_013565.1	CDS	COX1	cytochrome c oxidase subunit I	3527-5077:1
NC_013565.1	CDS	ND6	NADH dehydrogenase subunit 6	5077-5527:1
NC_013565.1	tRNA	trnR	tRNA-Arg	5532-5599:1
NC_013565.1	CDS	ND2	NADH dehydrogenase subunit 2	5601-6588:1
NC_013565.1	tRNA	trnL (UUR)	tRNA-Leu	6593-6660:1
NC_013565.1	CDS	ND5	NADH dehydrogenase subunit 5	6661-8392:1
NC_013565.1	CDS	ND3	NADH dehydrogenase subunit 3	8449-8830:1
NC_013565.1	tRNA	trnN	tRNA-Asn	8830-8899:1
NC_013565.1	tRNA	trnW	tRNA-Trp	8903-8967:1
NC_013565.1	tRNA	trnV	tRNA-Val	8967-9037:1
NC_013565.1	tRNA	trnY	tRNA-Tyr	9037-9102:1
NC_013565.1	CDS	COX3	cytochrome c oxidase subunit III	9104-9887:1
NC_013565.1	tRNA	trnI	tRNA-Ile	9901-9968:1
NC_013565.1	tRNA	trnS (AGY)	tRNA-Ser	9969-10039:1
NC_013565.1	tRNA	trnF	tRNA-Phe	10042-10107:1
NC_013565.1	tRNA	trnM (AUA)	tRNA-Met	10107-10177:1
NC_013565.1	tRNA	trnH	tRNA-His	10208-10275:1
NC_013565.1	tRNA	trnK	tRNA-Lys	10281-10354:1
NC_013565.1	CDS	ATP6	ATP synthase F0 subunit 6	10356-10983:1
NC_013565.1	CDS	ATP8	ATP synthase F0 subunit 8	10989-11088:1
NC_013565.1	tRNA	trnP	tRNA-Pro	11090-11159:1
NC_013565.1	CDS	ND4	NADH dehydrogenase subunit 4	11161-12493:1
NC_013565.1	rRNA	rrnS	s-rRNA	12493-13167:1
NC_013565.1	rRNA	rrnL	l-rRNA	13167-14220:1
NC_013565.1	tRNA	trnQ	tRNA-Gln	14220-14285:1
NC_013565.1	tRNA	trnG (AGR)	tRNA-Gly	14284-14350:1
NC_013565.1	tRNA	trnE	tRNA-Glu	14348-14414:1
NC_013561.1	CDS	COX1	cytochrome c oxidase subunit I	0-1548:1
NC_013561.1	tRNA	trnV (UAC)	tRNA-Val	1538-1612:1
NC_013561.1	tRNA	trnG (UCU)	tRNA-Gly	1626-1697:1
NC_013561.1	tRNA	trnQ (UUG)	tRNA-Gln	1745-1805:1
NC_013561.1	tRNA	trnM (UAU)	tRNA-Met	1830-1901:1
NC_013561.1	tRNA	trnT (UGU)	tRNA-Thr	1914-1980:1
NC_013561.1	CDS	ND4L	NADH dehydrogenase subunit 4L	2047-2300:1
NC_013561.1	tRNA	trnL (UAA)	tRNA-Leu	2284-2355:1
NC_013561.1	tRNA	trnL (UAG)	tRNA-Leu	2366-2432:1
NC_013561.1	CDS	ATP8	ATP synthase F0 subunit 8	2432-2537:1
NC_013561.1	tRNA	trnD (GUC)	tRNA-Asp	2534-2602:1
NC_013561.1	tRNA	trnF (GAA)	tRNA-Phe	2656-2729:1
NC_013561.1	tRNA	trnS (GCU)	tRNA-Ser	2743-2811:1
NC_013561.1	tRNA	trnR (UCG)	tRNA-Arg	2815-2881:1
NC_013561.1	CDS	ND1	NADH dehydrogenase subunit 1	2887-3800:1
NC_013561.1	tRNA	trnP (UGG)	tRNA-Pro	3847-3918:1
NC_013561.1	tRNA	trnS (UGA)	tRNA-Ser	3918-3981:1
NC_013561.1	CDS	ND6	NADH dehydrogenase subunit 6	3989-4427:1
NC_013561.1	tRNA	trnY (GUA)	tRNA-Tyr	4624-4695:1
NC_013561.1	rRNA	rrnL	l-rRNA	4695-5854:1
NC_013561.1	CDS	CYTB	cytochrome b	5854-6952:1
NC_013561.1	CDS	ND2	NADH dehydrogenase subunit 2	7109-8141:1
NC_013561.1	tRNA	trnW (UCA)	tRNA-Trp	8139-8204:1
NC_013561.1	tRNA	trnI (GAU)	tRNA-Ile	8228-8299:1
NC_013561.1	CDS	ND5	NADH dehydrogenase subunit 5	8326-10075:1
NC_013561.1	tRNA	trnA (UGC)	tRNA-Ala	10127-10198:1
NC_013561.1	rRNA	rrnS	s-rRNA	10198-10871:1
NC_013561.1	tRNA	trnE (UUC)	tRNA-Glu	10871-10935:1
NC_013561.1	tRNA	trnC (GCA)	tRNA-Cys	10940-11007:1
NC_013561.1	CDS	ND4	NADH dehydrogenase subunit 4	11036-12366:1
NC_013561.1	tRNA	trnH (GUG)	tRNA-His	12494-12559:1
NC_013561.1	tRNA	trnG (UCC)	tRNA-Gly	12603-12675:1
NC_013561.1	CDS	ATP6	ATP synthase F0 subunit 6	12675-13305:1
NC_013561.1	CDS	COX2	cytochrome c oxidase subunit II	13381-14056:1
NC_013561.1	CDS	COX3	cytochrome c oxidase subunit III	14148-14937:1
NC_013561.1	tRNA	trnN (GUU)	tRNA-Asn	15025-15090:1
NC_013561.1	tRNA	trnK (UUU)	tRNA-Lys	15179-15255:1
NC_013561.1	CDS	ND3	NADH dehydrogenase subunit 3	15370-15727:1
NC_013561.1	tRNA	trnM (CAU)	tRNA-Met	15749-15812:1
NC_012887.1	CDS	COX1	cytochrome c oxidase subunit I	0-1542:1
NC_012887.1	CDS	ND5	NADH dehydrogenase subunit 5	1542-3248:1
NC_012887.1	tRNA		tRNA-Thr	3331-3393:1
NC_012887.1	tRNA		tRNA-Tyr	3396-3465:1
NC_012887.1	tRNA		tRNA-Leu	3473-3556:1
NC_012887.1	rRNA		s-rRNA	3546-4236:1
NC_012887.1	tRNA		tRNA-Ser	4236-4299:1
NC_012887.1	tRNA		tRNA-Asp	4315-4384:1
NC_012887.1	tRNA		tRNA-Trp	4387-4455:1
NC_012887.1	tRNA		tRNA-Lys	4462-4528:1
NC_012887.1	tRNA		tRNA-Met	4529-4595:1
NC_012887.1	CDS	ND2	NADH dehydrogenase subunit 2	4598-5555:1
NC_012887.1	tRNA		tRNA-Asn	5570-5635:1
NC_012887.1	CDS	CYTB	cytochrome b	5639-6728:1
NC_012887.1	tRNA		tRNA-Glu	6749-6816:1
NC_012887.1	tRNA		tRNA-Pro	6816-6883:1
NC_012887.1	tRNA		tRNA-Ile	6886-6943:1
NC_012887.1	rRNA		l-rRNA	6943-8109:1
NC_012887.1	CDS	ND4	NADH dehydrogenase subunit 4	8197-9518:1
NC_012887.1	tRNA		tRNA-Ala	9518-9583:1
NC_012887.1	CDS	ATP6	ATP synthase F0 subunit 6	9585-10209:1
NC_012887.1	CDS	ND4L	NADH dehydrogenase subunit 4L	10210-10471:1
NC_012887.1	CDS	ND6	NADH dehydrogenase subunit 6	10475-10922:1
NC_012887.1	tRNA		tRNA-Met	10926-10995:1
NC_012887.1	CDS	ND1	NADH dehydrogenase subunit 1	11000-11897:1
NC_012887.1	tRNA		tRNA-Gly	11906-11970:1
NC_012887.1	CDS	COX2	cytochrome c oxidase subunit II	11970-12655:1
NC_012887.1	tRNA		tRNA-Phe	12655-12727:1
NC_012887.1	CDS	ND3	NADH dehydrogenase subunit 3	12789-13132:1
NC_012887.1	tRNA		tRNA-Val	13132-13200:1
NC_012887.1	tRNA		tRNA-Leu	13205-13277:1
NC_012887.1	tRNA		tRNA-Ser	13285-13359:1
NC_012887.1	CDS	COX3	cytochrome c oxidase subunit III	13360-14146:1
NC_012887.1	tRNA		tRNA-Gln	14149-14213:1
NC_012887.1	tRNA		tRNA-Arg	14213-14281:1
NC_012887.1	tRNA		tRNA-Gly	14282-14347:1
NC_012887.1	tRNA		tRNA-His	14357-14424:1
NC_012887.1	tRNA		tRNA-Cys	14424-14481:1
NC_009834.1	CDS	COX2	cytochrome c oxidase subunit II	0-687:1
NC_009834.1	CDS	CYTB	cytochrome b	673-1763:1
NC_009834.1	tRNA		tRNA-Phe	1763-1827:1
NC_009834.1	CDS	ATP6	ATP synthase F0 subunit 6	1838-2477:1
NC_009834.1	tRNA		tRNA-Trp	2483-2549:1
NC_009834.1	tRNA		tRNA-Glu	2553-2621:1
NC_009834.1	CDS	ND6	NADH dehydrogenase subunit 6	2621-3101:1
NC_009834.1	tRNA		tRNA-Asn	3205-3275:1
NC_009834.1	tRNA		tRNA-Ser	3275-3342:1
NC_009834.1	CDS	ND3	NADH dehydrogenase subunit 3	3342-3723:1
NC_009834.1	tRNA		tRNA-Ile	3846-3916:1
NC_009834.1	CDS	ND2	NADH dehydrogenase subunit 2	4041-5064:1
NC_009834.1	tRNA		tRNA-Lys	5071-5137:1
NC_009834.1	tRNA		tRNA-Cys	5142-5195:1
NC_009834.1	CDS	ND4L	NADH dehydrogenase subunit 4L	5286-5556:1
NC_009834.1	tRNA		tRNA-Met	5565-5631:1
NC_009834.1	CDS	COX3	cytochrome c oxidase subunit III	5642-6434:1
NC_009834.1	tRNA		tRNA-Gly	6443-6510:1
NC_009834.1	tRNA		tRNA-His	6510-6574:1
NC_009834.1	CDS	ATP8	ATP synthase F0 subunit 8	6579-6675:1
NC_009834.1	tRNA		tRNA-Met	6703-6775:1
NC_009834.1	CDS	COX1	cytochrome c oxidase subunit I	6775-8320:1
NC_009834.1	tRNA		tRNA-Gly	8454-8526:1
NC_009834.1	CDS	ND1	NADH dehydrogenase subunit 1	8526-9444:1
NC_009834.1	tRNA		tRNA-Pro	9466-9530:1
NC_009834.1	tRNA		tRNA-Leu	9536-9604:1
NC_009834.1	tRNA		tRNA-Leu	9613-9681:1
NC_009834.1	tRNA		tRNA-Thr	9674-9743:1
NC_009834.1	tRNA		tRNA-Ile	9852-9922:1
NC_009834.1	rRNA	rrnS	s-rRNA	9922-10646:1
NC_009834.1	tRNA		tRNA-Val	10646-10716:1
NC_009834.1	rRNA	rrnL	l-rRNA	10716-11991:1
NC_009834.1	tRNA		tRNA-Ala	11991-12066:1
NC_009834.1	CDS	ND4	NADH dehydrogenase subunit 4	12127-13507:1
NC_009834.1	tRNA		tRNA-Arg	13518-13586:1
NC_009834.1	tRNA		tRNA-Gln	13594-13666:1
NC_009834.1	tRNA		tRNA-Thr	13664-13729:1
NC_009834.1	tRNA		tRNA-Tyr	13666-13730:1
NC_009834.1	tRNA		tRNA-Tyr	13742-13807:1
NC_009834.1	CDS	ND5	NADH dehydrogenase subunit 5	13810-15463:1
NC_009834.1	tRNA		tRNA-Ser	15464-15535:1
NC_009833.1	CDS	COX2	cytochrome c oxidase subunit II	0-687:1
NC_009833.1	CDS	CYTB	cytochrome b	673-1765:1
NC_009833.1	tRNA		tRNA-Val	1767-1835:1
NC_009833.1	rRNA		l-rRNA	1835-2982:1
NC_009833.1	tRNA		tRNA-Trp	2982-3051:1
NC_009833.1	tRNA		tRNA-Leu	3051-3120:1
NC_009833.1	tRNA		tRNA-Thr	3117-3186:1
NC_009833.1	tRNA		tRNA-Gly	3196-3263:1
NC_009833.1	CDS	ND1	NADH dehydrogenase subunit 1	3265-4174:1
NC_009833.1	CDS	ND2	NADH dehydrogenase subunit 2	4160-5174:1
NC_009833.1	tRNA		tRNA-Gln	5177-5247:1
NC_009833.1	tRNA		tRNA-Lys	5244-5306:1
NC_009833.1	tRNA		tRNA-Cys	5306-5363:1
NC_009833.1	CDS	ND4L	NADH dehydrogenase subunit 4L	5428-5684:1
NC_009833.1	CDS	COX3	cytochrome c oxidase subunit III	5687-6476:1
NC_009833.1	tRNA		tRNA-Ser	6486-6556:1
NC_009833.1	CDS	ND3	NADH dehydrogenase subunit 3	6614-6989:1
NC_009833.1	tRNA		tRNA-His	6994-7063:1
NC_009833.1	tRNA		tRNA-Gly	7061-7126:1
NC_009833.1	tRNA		tRNA-Glu	7130-7194:1
NC_009833.1	tRNA		tRNA-Tyr	7198-7265:1
NC_009833.1	CDS	ND6	NADH dehydrogenase subunit 6	7265-7739:1
NC_009833.1	tRNA		tRNA-Asn	7746-7817:1
NC_009833.1	CDS	ND5	NADH dehydrogenase subunit 5	7819-9463:1
NC_009833.1	tRNA		tRNA-Ser	9521-9593:1
NC_009833.1	CDS	ATP8	ATP synthase F0 subunit 8	9606-9702:1
NC_009833.1	tRNA		tRNA-Ala	9703-9772:1
NC_009833.1	CDS	ND4	NADH dehydrogenase subunit 4	9774-11166:1
NC_009833.1	tRNA		tRNA-Arg	11166-11233:1
NC_009833.1	tRNA		tRNA-Ile	11237-11303:1
NC_009833.1	rRNA	rrnS	s-rRNA	11303-12041:1
NC_009833.1	tRNA		tRNA-Met	12041-12107:1
NC_009833.1	CDS	COX1	cytochrome c oxidase subunit I	12107-13637:1
NC_009833.1	tRNA		tRNA-Pro	13637-13709:1
NC_009833.1	CDS	ATP6	ATP synthase F0 subunit 6	13710-14349:1
NC_009833.1	tRNA		tRNA-Leu	14364-14439:1
NC_009833.1	tRNA		tRNA-Phe	14431-14499:1
NC_009833.1	tRNA		tRNA-Met	14513-14579:1
NC_004570.1	CDS	COX1	cytochrome c oxidase subunit I	0-1551:1
NC_004570.1	CDS	ND5	NADH dehydrogenase subunit 5	1598-3335:1
NC_004570.1	tRNA		tRNA-Asp	3347-3413:1
NC_004570.1	tRNA		tRNA-Met	3415-3485:1
NC_004570.1	tRNA		tRNA-Leu	3496-3565:1
NC_004570.1	rRNA		s-rRNA	3565-4252:1
NC_004570.1	tRNA		tRNA-Met	4252-4322:1
NC_004570.1	tRNA		tRNA-Thr	4324-4391:1
NC_004570.1	tRNA		tRNA-Trp	4402-4472:1
NC_004570.1	tRNA		tRNA-Ser	4477-4534:1
NC_004570.1	CDS	ND6	NADH dehydrogenase subunit 6	4541-5039:1
NC_004570.1	tRNA		tRNA-Gly	5018-5086:1
NC_004570.1	tRNA		tRNA-Asn	5086-5152:1
NC_004570.1	CDS	ATP6	ATP synthase F0 subunit 6	5152-5782:1
NC_004570.1	CDS	ND2	NADH dehydrogenase subunit 2	5840-6833:1
NC_004570.1	tRNA	trnA	tRNA-Ala	6840-6903:1
NC_004570.1	CDS	COX2	cytochrome c oxidase subunit II	6904-7568:1
NC_004570.1	CDS	CYTB	cytochrome b	7568-8654:1
NC_004570.1	CDS	ND1	NADH dehydrogenase subunit 1	8672-9707:1
NC_004570.1	tRNA	trnP	tRNA-Pro	9776-9840:1
NC_004570.1	CDS	ND4L	NADH dehydrogenase subunit 4L	9841-10108:1
NC_004570.1	tRNA		tRNA-His	10115-10180:1
NC_004570.1	tRNA		tRNA-Arg	10195-10263:1
NC_004570.1	tRNA		tRNA-Gln	10277-10375:1
NC_004570.1	CDS	COX3	cytochrome c oxidase subunit III	10345-11132:1
NC_004570.1	tRNA		tRNA-Lys	11132-11200:1
NC_004570.1	rRNA		l-rRNA	11200-12297:1
NC_004570.1	tRNA		tRNA-Ile	12297-12365:1
NC_004570.1	CDS	ND3	NADH dehydrogenase subunit 3	12365-12711:1
NC_004570.1	tRNA		tRNA-Glu	12711-12779:1
NC_004570.1	tRNA		tRNA-Val	12784-12849:1
NC_004570.1	CDS	ND4	NADH dehydrogenase subunit 4	12854-14180:1
NC_004570.1	tRNA		tRNA-Phe	14190-14257:1
NC_004570.1	tRNA		tRNA-Cys	14372-14435:1
NC_004570.1	tRNA		tRNA-Gly	14469-14528:1
NC_004570.1	tRNA		tRNA-Tyr	14528-14595:1
NC_004570.1	tRNA		tRNA-Leu	14599-14670:1
NC_004570.1	tRNA		tRNA-Ser	14670-14737:1
NC_002177.1	CDS	COX1	cytochrome c oxidase subunit I	0-1554:1
NC_002177.1	CDS	ND3	NADH dehydrogenase subunit 3	1729-2065:1
NC_002177.1	tRNA		tRNA-Ala	2067-2132:1
NC_002177.1	tRNA		tRNA-Pro	2140-2203:1
NC_002177.1	CDS	ND4	NADH dehydrogenase subunit 4	2204-3512:1
NC_002177.1	tRNA		tRNA-Val	3624-3691:1
NC_002177.1	tRNA		tRNA-Phe	3695-3757:1
NC_002177.1	tRNA		tRNA-Gly	3781-3847:1
NC_002177.1	tRNA		tRNA-Thr	3851-3919:1
NC_002177.1	CDS	ND6	NADH dehydrogenase subunit 6	3919-4363:1
NC_002177.1	tRNA		tRNA-Leu	4470-4534:1
NC_002177.1	tRNA		tRNA-Asn	4543-4611:1
NC_002177.1	tRNA		tRNA-Gly	4643-4694:1
NC_002177.1	tRNA		tRNA-Asp	4739-4804:1
NC_002177.1	CDS	COX3	cytochrome c oxidase subunit III	4804-5599:1
NC_002177.1	CDS	ND4L	NADH dehydrogenase subunit 4L	5606-5927:1
NC_002177.1	tRNA		tRNA-Cys	5916-5998:1
NC_002177.1	tRNA		tRNA-Lys	5989-6057:1
NC_002177.1	rRNA		s-rRNA	6057-6763:1
NC_002177.1	CDS	COX2	cytochrome c oxidase subunit II	6763-7441:1
NC_002177.1	CDS	CYTB	cytochrome b	7451-8540:1
NC_002177.1	tRNA		tRNA-Tyr	8544-8612:1
NC_002177.1	tRNA		tRNA-Trp	8628-8698:1
NC_002177.1	tRNA		tRNA-Ile	8701-8764:1
NC_002177.1	tRNA		tRNA-Glu	8769-8835:1
NC_002177.1	CDS	ND2	NADH dehydrogenase subunit 2	8836-9838:1
NC_002177.1	tRNA		tRNA-His	9839-9905:1
NC_002177.1	tRNA		tRNA-Ser	9910-9978:1
NC_002177.1	tRNA		tRNA-Arg	9978-10041:1
NC_002177.1	tRNA		tRNA-Gln	10045-10113:1
NC_002177.1	tRNA		tRNA-Leu	10121-10188:1
NC_002177.1	CDS	ND5	NADH dehydrogenase subunit 5	10190-11846:1
NC_002177.1	tRNA		tRNA-Met	11925-11988:1
NC_002177.1	rRNA		l-rRNA	11988-13165:1
NC_002177.1	CDS	ND1	NADH dehydrogenase subunit 1	13165-14062:1
NC_002177.1	CDS	ATP6	ATP synthase F0 subunit 6	14066-14702:1
NC_002177.1	tRNA		tRNA-Ser	14700-14771:1
