group	accession	organism	family	length_bp	n_cds	n_rrna	source
mollusca	NC_047426.1	Acanthochitona avicula	Acanthochitonidae	15203	13	2	refseq
mollusca	NC_087903.1	Acanthochitona defilippii	Acanthochitonidae	14999	13	2	refseq
mollusca	NC_082305.1	Acanthochitona mahensis	Acanthochitonidae	15013	13	2	refseq
mollusca	NC_030190.1	Achatinella mustelina	Achatinellidae	16323	13	2	refseq
mollusca	NC_040969.1	Partulina redfieldi	Achatinellidae	16879	13	2	refseq
mollusca	NC_024601.1	Lissachatina fulica	Achatinidae	15057	13	2	refseq
mollusca	NC_060648.1	Scurria scurra	Acmaeidae	18482	13	2	refseq
mollusca	NC_002176.1	Pupa strigosa	Acteonidae	14189	13	2	refseq
mollusca	NC_053882.1	Protaeolidiella atra	Aeolidiidae	14445	13	2	refseq
mollusca	NC_072953.1	Deroceras laeve	Agriolimacidae	14773	13	2	refseq
mollusca	NC_035495.1	Deroceras reticulatum	Agriolimacidae	14048	13	2	refseq
mollusca	NC_016185.1	Salinator rhamphidia	Amphibolidae	14007	13	2	refseq
mollusca	NC_068867.1	Amphitretus pelagicus	Amphitretidae	17380	13	2	refseq
mollusca	NC_025334.1	Marisa cornuarietis	Ampullariidae	15923	13	2	refseq
mollusca	NC_080527.1	Pila globosa	Ampullariidae	16903	13	2	refseq
mollusca	NC_077599.1	Pila virens	Ampullariidae	16839	13	2	refseq
mollusca	NC_084053.1	Pomacea aulanieri	Ampullariidae	16096	13	2	refseq
mollusca	NC_037691.1	Pomacea bridgesi	Ampullariidae	16640	13	2	refseq
mollusca	NC_024586.1	Pomacea canaliculata	Ampullariidae	15707	13	2	refseq
mollusca	NC_041142.1	Pomacea diffusa	Ampullariidae	16373	13	2	refseq
mollusca	NC_027503.1	Pomacea maculata	Ampullariidae	15516	13	2	refseq
mollusca	NC_084052.1	Pomacea reevei	Ampullariidae	15660	13	2	refseq
mollusca	NC_082224.1	Raeta pulchella	Anatinellidae	19514	13	2	refseq
mollusca	NC_088521.1	Ferrissia californica	Ancylidae	13526	13	2	refseq
mollusca	NC_015106.1	Micromelo undatus	Aplustridae	14160	13	2	refseq
mollusca	NC_063768.1	Aplysia argus	Aplysiidae	14124	13	2	refseq
mollusca	NC_005827.1	Aplysia californica	Aplysiidae	14117	13	2	refseq
mollusca	NC_015088.1	Aplysia dactylomela	Aplysiidae	14128	13	2	refseq
mollusca	NC_024260.1	Aplysia kurodai	Aplysiidae	14131	13	2	refseq
mollusca	NC_059920.1	Aporrhais serresiana	Aporrhaidae	15455	13	2	refseq
mollusca	NC_011581.1	Architeuthis dux	Architeuthidae	20331	18	2	refseq
mollusca	NC_024927.1	Anadara kagoshimensis	Arcidae	48161	12	2	refseq
mollusca	NC_063956.1	Barbatia decussata	Arcidae	19241	12	2	refseq
mollusca	NC_026081.1	Tegillarca granosa	Arcidae	31589	12	2	refseq
mollusca	NC_022709.1	Arctica islandica	Arcticidae	18289	12	2	refseq
mollusca	NC_069996.1	Argonauta argo	Argonautidae	15724	13	2	refseq
mollusca	NC_036354.1	Argonauta hians	Argonautidae	16130	13	2	refseq
mollusca	NC_048475.1	Argonauta nodosus	Argonautidae	15201	13	2	refseq
mollusca	NC_073101.1	Arion flagellus	Arionidae	14294	13	2	refseq
mollusca	NC_046044.1	Arion vulgaris	Arionidae	14548	13	2	refseq
mollusca	NC_062675.1	Dermatobranchus otome	Arminidae	14559	13	2	refseq
mollusca	NC_087842.1	Assiminea estuarina	Assimineidae	15907	13	2	refseq
mollusca	NC_087841.1	Optediceros breviculum	Assimineidae	15870	13	2	refseq
mollusca	NC_087866.1	Optediceros marginatum	Assimineidae	15868	13	2	refseq
mollusca	NC_085242.1	Optediceros sp.	Assimineidae	15906	13	2	refseq
mollusca	NC_035869.1	Baicalia turriformis	Baicaliidae	15127	13	2	refseq
mollusca	NC_035870.1	Godlewskia godlewskia	Baicaliidae	15224	13	2	refseq
mollusca	NC_035871.1	Maackia herderiana	Baicaliidae	15154	13	2	refseq
mollusca	NC_016423.1	Bathyteuthis abyssicola	Bathyteuthidae	20075	17	2	refseq
mollusca	NC_047187.1	Batillaria attramentaria	Batillariidae	16095	13	2	refseq
mollusca	NC_069995.1	Bolitaena pygmaea	Bolitaenidae	16083	13	2	refseq
mollusca	NC_068866.1	Japetella diaphana	Bolitaenidae	16111	13	2	refseq
mollusca	NC_039120.1	Aeneator elegans	Buccinidae	15254	13	2	refseq
mollusca	NC_039122.1	Aeneator recens	Buccinidae	15264	13	2	refseq
mollusca	NC_039117.1	Antarctoneptunea aurora	Buccinidae	15227	13	2	refseq
mollusca	NC_039119.1	Antarctoneptunea benthicola	Buccinidae	15229	13	2	refseq
mollusca	NC_023080.1	Babylonia areolata	Buccinidae	15445	13	2	refseq
mollusca	NC_028628.1	Babylonia lutosa	Buccinidae	15346	13	2	refseq
mollusca	NC_039121.1	Buccinulum fuscozonatum	Buccinidae	15246	13	2	refseq
mollusca	NC_039124.1	Buccinulum pertinax finlayi	Buccinidae	15247	13	2	refseq
mollusca	NC_029373.1	Buccinum pemphigus	Buccinidae	15265	13	2	refseq
mollusca	NC_063974.1	Buccinum tsubai	Buccinidae	15262	13	2	refseq
mollusca	NC_040940.1	Buccinum undatum	Buccinidae	15265	13	2	refseq
mollusca	NC_039125.1	Cominella adspersa	Buccinidae	15251	13	2	refseq
mollusca	NC_039123.1	Kelletia lischkei	Buccinidae	15225	13	2	refseq
mollusca	NC_062790.1	Neptunea cumingii	Buccinidae	15254	13	2	refseq
mollusca	NC_039116.1	Penion chathamensis	Buccinidae	15227	13	2	refseq
mollusca	NC_039118.1	Penion cuvierianus	Buccinidae	15235	13	2	refseq
mollusca	NC_037237.1	Penion maximus	Buccinidae	15249	13	2	refseq
mollusca	NC_039126.1	Penion ormesi	Buccinidae	15234	13	2	refseq
mollusca	NC_067974.1	Volutharpa ampullacea	Buccinidae	16177	13	2	refseq
mollusca	NC_028183.1	Volutharpa perryi	Buccinidae	15255	13	2	refseq
mollusca	NC_054277.1	Bufonaria rana	Bursidae	15510	13	2	refseq
mollusca	NC_059878.1	Bursa rhodostoma	Bursidae	15393	13	2	refseq
mollusca	NC_059877.1	Tutufa rubeta	Bursidae	15397	13	2	refseq
mollusca	NC_068865.1	Tristichotrochus unicus	Calliostomatidae	16353	13	2	refseq
mollusca	NC_079658.1	Desmaulus extinctorium	Calyptraeidae	16608	13	2	refseq
mollusca	NC_029419.1	Aegista aubryana	Camaenidae	14238	13	2	refseq
mollusca	NC_027584.1	Aegista diversifamilia	Camaenidae	14039	13	2	refseq
mollusca	NC_025511.1	Camaena cicatricosa	Camaenidae	13843	13	2	refseq
mollusca	NC_071158.1	Cochlostyla marinduquensis	Camaenidae	14806	13	2	refseq
mollusca	NC_027493.1	Dolicheulota formosensis	Camaenidae	14237	13	2	refseq
mollusca	NC_070212.1	Laeocathaica amdoana	Camaenidae	14660	13	2	refseq
mollusca	NC_024935.1	Mastigeulota kiangsinensis	Camaenidae	14029	13	2	refseq
mollusca	NC_086491.1	Satsuma myomphala	Camaenidae	14686	13	2	refseq
mollusca	NC_013241.1	Bivetiella cancellata	Cancellariidae	16648	13	2	refseq
mollusca	NC_084349.1	Capulus dilatatus	Capulidae	15640	13	2	refseq
mollusca	NC_008452.1	Acanthocardia tuberculata	Cardiidae	16104	12	2	refseq
mollusca	NC_035728.1	Cerastoderma edule	Cardiidae	14947	13	2	refseq
mollusca	NC_022194.1	Fulvia mutica	Cardiidae	19110	13	2	refseq
mollusca	NC_068823.1	Hippopus porcellanus	Cardiidae	29434	13	2	refseq
mollusca	NC_057530.1	Tridacna crocea	Cardiidae	18266	13	2	refseq
mollusca	NC_039945.1	Tridacna derasa	Cardiidae	20760	13	2	refseq
mollusca	NC_050683.1	Tridacna gigas	Cardiidae	19558	13	2	refseq
mollusca	NC_026558.1	Tridacna squamosa	Cardiidae	20930	12	2	refseq
mollusca	NC_082308.1	Cardita variegata	Carditidae	16896	13	2	refseq
mollusca	NC_028003.1	Galeodea echinophora	Cassidae	15388	13	2	refseq
mollusca	NC_063566.1	Cerion coloni	Cerionidae	15185	13	2	refseq
mollusca	NC_025645.1	Cerion incanum	Cerionidae	15177	13	2	refseq
mollusca	NC_034226.1	Cerion uva	Cerionidae	15043	13	2	refseq
mollusca	NC_063567.1	Cerion watlingense	Cerionidae	15179	13	2	refseq
mollusca	NC_013846.1	Chaetoderma nitidulum	Chaetodermatidae	21008	14	2	refseq
mollusca	NC_037876.1	Falcidens acutargatus	Chaetodermatidae	14209	13	2	refseq
mollusca	NC_037877.1	Falcidens halanychi	Chaetodermatidae	14508	13	2	refseq
mollusca	NC_040118.1	Chiroteuthis picteti	Chiroteuthidae	20851	18	2	refseq
mollusca	NC_068064.1	Acanthopleura loochooana	Chitonidae	15366	13	2	refseq
mollusca	NC_082877.1	Acanthopleura vaillantii	Chitonidae	15271	13	2	refseq
mollusca	NC_047425.1	Chiton albolineatus	Chitonidae	14936	13	2	refseq
mollusca	NC_072326.1	Liolophura japonica	Chitonidae	15209	13	2	refseq
mollusca	NC_024174.1	Sypharochiton pelliserpentis	Chitonidae	15048	13	2	refseq
mollusca	NC_024173.1	Sypharochiton sinclairi	Chitonidae	15028	13	2	refseq
mollusca	NC_063124.1	Cadlina japonica	Chromodorididae	14982	13	2	refseq
mollusca	NC_063125.1	Cadlina koreana	Chromodorididae	14707	13	2	refseq
mollusca	NC_063126.1	Cadlina umiushi	Chromodorididae	14731	13	2	refseq
mollusca	NC_036426.1	Chromodoris annae	Chromodorididae	14260	13	2	refseq
mollusca	NC_083963.1	Chromodoris colemani	Chromodorididae	14257	13	2	refseq
mollusca	NC_083151.1	Chromodoris elisabethina	Chromodorididae	14252	13	2	refseq
mollusca	NC_082038.1	Chromodoris lochi	Chromodorididae	14248	13	2	refseq
mollusca	NC_015096.1	Chromodoris magnifica	Chromodorididae	14446	12	2	refseq
mollusca	NC_041196.1	Chromodoris orientalis	Chromodorididae	14266	13	2	refseq
mollusca	NC_030004.1	Chromodoris quadricolor	Chromodorididae	14259	13	2	refseq
mollusca	NC_057611.1	Doriprismatica atromarginata	Chromodorididae	14421	13	2	refseq
mollusca	NC_065091.1	Glossodoris acosti	Chromodorididae	14411	13	2	refseq
mollusca	NC_065090.1	Goniobranchus leopardus	Chromodorididae	14478	13	2	refseq
mollusca	NC_036425.1	Hypselodoris apolegma	Chromodorididae	14749	13	2	refseq
mollusca	NC_030774.1	Hypselodoris festiva	Chromodorididae	14880	13	2	refseq
mollusca	NC_084209.1	Hypselodoris whitei	Chromodorididae	14856	13	2	refseq
mollusca	NC_068822.1	Verconia nivalis	Chromodorididae	14595	13	2	refseq
mollusca	NC_044784.1	Ryssota otaheitana	Chronidae	13888	13	2	refseq
mollusca	NC_069987.1	Cirroteuthis muelleri	Cirroteuthidae	15988	13	2	refseq
mollusca	NC_069986.1	Cirrothauma murrayi	Cirroteuthidae	15957	13	2	refseq
mollusca	NC_069988.1	Inopinoteuthis magna	Cirroteuthidae	15943	13	2	refseq
mollusca	NC_001761.1	Albinaria caerulea	Clausiliidae	14130	13	2	refseq
mollusca	NC_056972.1	Euphaedusa planostriata	Clausiliidae	15041	13	2	refseq
mollusca	NC_034300.1	Bryopa lata	Clavagellidae	31969	13	2	refseq
mollusca	NC_067594.1	Cocculina enigmadonta	Cocculinidae	18645	13	2	refseq
mollusca	NC_028004.1	Obscurella hidalgoi	Cochlostomatidae	15536	13	2	refseq
mollusca	NC_066081.1	Mitrella albuginosa	Columbellidae	16244	13	2	refseq
mollusca	NC_038182.1	Bathytoma punicea	Conidae	16037	13	2	refseq
mollusca	NC_032377.1	Californiconus californicus	Conidae	15444	13	2	refseq
mollusca	NC_039922.1	Conus betulinus	Conidae	16240	13	2	refseq
mollusca	NC_013243.1	Conus borgesi	Conidae	15536	13	2	refseq
mollusca	NC_023460.1	Conus consors	Conidae	16112	13	2	refseq
mollusca	NC_063769.1	Conus ebraeus	Conidae	18031	13	2	refseq
mollusca	NC_030213.1	Conus gloriamaris	Conidae	15774	13	2	refseq
mollusca	NC_080963.1	Conus imperialis	Conidae	15505	13	2	refseq
mollusca	NC_080962.1	Conus litteratus	Conidae	15569	13	2	refseq
mollusca	NC_080964.1	Conus marmoreus	Conidae	15579	13	2	refseq
mollusca	NC_063770.1	Conus miles	Conidae	16243	13	2	refseq
mollusca	NC_035007.1	Conus quercinus	Conidae	16430	13	2	refseq
mollusca	NC_030536.1	Conus striatus	Conidae	15738	13	2	refseq
mollusca	NC_079625.1	Conus tessulatus	Conidae	16244	13	2	refseq
mollusca	NC_008797.1	Conus textile	Conidae	15562	13	2	refseq
mollusca	NC_027957.1	Conus tribblei	Conidae	15570	13	2	refseq
mollusca	NC_027518.2	Conus tulipa	Conidae	15756	13	2	refseq
mollusca	NC_080961.1	Conus virgo	Conidae	15594	13	2	refseq
mollusca	NC_077576.1	Coryphella verrucosa	Coryphellidae	14658	13	2	refseq
mollusca	NC_082330.1	Bathothauma lyromma	Cranchiidae	20224	18	2	refseq
mollusca	NC_082327.1	Galiteuthis armata	Cranchiidae	20180	18	2	refseq
mollusca	NC_082326.1	Liocranchia reinhardtii	Cranchiidae	20113	18	2	refseq
mollusca	NC_082325.1	Teuthowenia megalops	Cranchiidae	20241	18	2	refseq
mollusca	NC_064733.1	Cuspidaria undata	Cuspidariidae	16266	13	2	refseq
mollusca	NC_072235.1	Erronea caurica	Cypraeidae	15857	13	2	refseq
mollusca	NC_066082.1	Erronea errones	Cypraeidae	15422	13	2	refseq
mollusca	NC_072234.1	Erronea onyx	Cypraeidae	15789	13	2	refseq
mollusca	NC_072226.1	Lyncina vitellus	Cypraeidae	16269	13	2	refseq
mollusca	NC_072227.1	Mauritia arabica	Cypraeidae	15855	13	2	refseq
mollusca	NC_072232.1	Monetaria caputserpentis	Cypraeidae	15818	13	2	refseq
mollusca	NC_072229.1	Monetaria moneta	Cypraeidae	16214	13	2	refseq
mollusca	NC_072231.1	Naria erosa	Cypraeidae	16020	13	2	refseq
mollusca	NC_072230.1	Naria helvola	Cypraeidae	15648	13	2	refseq
mollusca	NC_072233.1	Naria miliaris	Cypraeidae	16123	13	2	refseq
mollusca	NC_072228.1	Purpuradusta gracilis	Cypraeidae	16240	13	2	refseq
mollusca	NC_046410.1	Corbicula fluminea	Cyrenidae	17423	13	2	refseq
mollusca	NC_060659.1	Corbicula japonica	Cyrenidae	17432	13	2	refseq
mollusca	NC_061685.1	Corbicula sandai	Cyrenidae	16758	13	2	refseq
mollusca	NC_050989.1	Villorita cyprinoides	Cyrenidae	15880	13	2	refseq
mollusca	NC_084457.1	Dendrodoris krusensternii	Dendrodorididae	14361	13	2	refseq
mollusca	NC_077625.1	Dendronotus frondosus	Dendronotidae	15450	13	2	refseq
mollusca	NC_026987.1	Melibe leonina	Dendronotidae	14513	13	2	refseq
mollusca	NC_006162.1	Graptacme eborea	Dentaliidae	14492	13	2	refseq
mollusca	NC_068820.1	Carminodoris armata	Discodorididae	14425	13	2	refseq
mollusca	NC_035984.1	Donax semistriatus	Donacidae	17044	13	2	refseq
mollusca	NC_035985.1	Donax trunculus	Donacidae	17365	13	2	refseq
mollusca	NC_035986.1	Donax variegatus	Donacidae	17195	13	2	refseq
mollusca	NC_035987.1	Donax vittatus	Donacidae	17070	13	2	refseq
mollusca	NC_063123.1	Aldisa cooperi	Dorididae	14517	13	2	refseq
mollusca	NC_068821.1	Doris odhneri	Dorididae	14445	13	2	refseq
mollusca	NC_034006.1	Homoiodoris japonica	Dorididae	14601	13	2	refseq
mollusca	NC_077633.1	Doto coronata	Dotidae	14496	13	2	refseq
mollusca	NC_057514.1	Dreissena rostriformis	Dreissenidae	46868	23	2	refseq
mollusca	NC_038184.1	Splendrillia sp. 1 MNHN IM 2013-9619	Drilliidae	15358	13	2	refseq
mollusca	NC_069997.1	Eledone cirrhosa	Eledonidae	16135	13	2	refseq
mollusca	NC_036959.1	Auriculastra duplicata	Ellobiidae	13920	13	2	refseq
mollusca	NC_034292.1	Ellobium chinense	Ellobiidae	13979	13	2	refseq
mollusca	NC_016168.1	Leucophytia bidentata	Ellobiidae	14135	13	2	refseq
mollusca	NC_086654.1	Melampus sincaporensis	Ellobiidae	14962	13	2	refseq
mollusca	NC_012434.1	Myosotella myosotis	Ellobiidae	14246	13	2	refseq
mollusca	NC_016175.1	Ovatella vulcani	Ellobiidae	14274	13	2	refseq
mollusca	NC_016179.1	Pedipes pedipes	Ellobiidae	16708	13	2	refseq
mollusca	NC_065731.1	Discus perspectivus	Endodontidae	14250	13	2	refseq
mollusca	NC_082331.1	Abraliopsis morisii	Enoploteuthidae	20122	18	2	refseq
mollusca	NC_007893.1	Watasenia scintillans	Enoploteuthidae	20093	18	2	refseq
mollusca	NC_034301.1	Euciroa cf. queenslandica STW-2017	Euciroidae	15042	13	2	refseq
mollusca	NC_080250.1	Facelina bostoniensis	Facelinidae	14550	13	2	refseq
mollusca	NC_045906.1	Fusinus longicaudus	Fasciolariidae	16319	13	2	refseq
mollusca	NC_037185.1	Peristernia sulcata	Fasciolariidae	15227	13	2	refseq
mollusca	NC_056153.1	Ficus variegata (in: gastropods)	Ficidae	15736	13	2	refseq
mollusca	NC_016953.1	Fissurella volcano	Fissurellidae	17575	13	2	refseq
mollusca	NC_048494.1	Hermissenda emurai	Glaucidae	13880	13	2	refseq
mollusca	NC_033968.1	Sakuraeolis japonica	Glaucidae	15059	13	2	refseq
mollusca	NC_088460.1	Glauconome virens	Glauconomidae	18473	13	2	refseq
mollusca	NC_072330.1	Gonatopsis borealis	Gonatidae	20148	18	2	refseq
mollusca	NC_056185.1	Ceratodoris hiroi	Goniodorididae	14583	13	2	refseq
mollusca	NC_077596.1	Haliotis asinina	Haliotidae	16399	13	2	refseq
mollusca	NC_031362.1	Haliotis discus hannai x Haliotis iris	Haliotidae	16719	13	2	refseq
mollusca	NC_088488.1	Haliotis fulgens	Haliotidae	17041	13	2	refseq
mollusca	NC_031361.1	Haliotis iris	Haliotidae	17131	13	2	refseq
mollusca	NC_024562.1	Haliotis laevigata	Haliotidae	16545	13	2	refseq
mollusca	NC_056350.1	Haliotis ovina	Haliotidae	16531	13	2	refseq
mollusca	NC_005940.1	Haliotis rubra	Haliotidae	16907	13	2	refseq
mollusca	NC_036928.1	Haliotis rufescens	Haliotidae	16646	13	2	refseq
mollusca	NC_013708.1	Haliotis tuberculata tuberculata	Haliotidae	16521	13	2	refseq
mollusca	NC_042169.1	Bullacta caurina	Haminoeidae	13872	13	2	refseq
mollusca	NC_053883.1	Haloa japonica	Haminoeidae	13797	13	2	refseq
mollusca	NC_017872.1	Cylindrus obtusus	Helicidae	14610	13	2	refseq
mollusca	NC_041247.1	Helix pomatia	Helicidae	14072	13	2	refseq
mollusca	NC_060988.1	Micrarionta opuntia	Helminthoglyptidae	13971	13	2	refseq
mollusca	NC_033538.1	Panopea abrupta	Hiatellidae	15381	13	2	refseq
mollusca	NC_025635.1	Panopea generosa	Hiatellidae	15585	13	2	refseq
mollusca	NC_025636.1	Panopea globosa	Hiatellidae	15469	13	2	refseq
mollusca	NC_072278.1	Panopea japonica	Hiatellidae	16128	13	2	refseq
mollusca	NC_069187.1	Histioteuthis bonnellii	Histioteuthidae	19355	15	2	refseq
mollusca	NC_069186.1	Histioteuthis reversa	Histioteuthidae	19556	17	2	refseq
mollusca	NC_072058.1	Monacha cartusiana	Hygromiidae	13894	13	2	refseq
mollusca	NC_034845.1	Echyridella menziesii	Hyriidae	16031	14	2	refseq
mollusca	NC_046935.1	Lepidozona coreanica	Ischnochitonidae	16572	13	2	refseq
mollusca	NC_022846.1	Cryolaternula elliptica	Laternulidae	14622	13	2	refseq
mollusca	NC_034305.1	Laternula truncata	Laternulidae	16363	13	2	refseq
mollusca	NC_047423.1	Hanleyella oldroydi	Lepidopleuridae	15692	13	2	refseq
mollusca	NC_047422.1	Leptochiton nexus	Lepidopleuridae	15488	13	2	refseq
mollusca	NC_072954.1	Ambigolimax valentianus	Limacidae	15195	13	2	refseq
mollusca	NC_020343.1	Placida sp. 1 NY-2013	Limapontiidae	14751	13	2	refseq
mollusca	NC_083122.1	Lima vulgaris	Limidae	19014	12	2	refseq
mollusca	NC_066085.1	Littoraria ardouiniana	Littorinidae	16261	13	2	refseq
mollusca	NC_064397.1	Littoraria intermedia	Littorinidae	16194	13	2	refseq
mollusca	NC_064398.1	Littoraria melanostoma	Littorinidae	16149	13	2	refseq
mollusca	NC_050987.1	Littorina brevicula	Littorinidae	16356	13	2	refseq
mollusca	NC_030595.1	Littorina saxatilis	Littorinidae	16887	13	2	refseq
mollusca	NC_012840.1	Doryteuthis opalescens	Loliginidae	17387	13	2	refseq
mollusca	NC_002507.1	Heterololigo bleekeri	Loliginidae	17211	13	2	refseq
mollusca	NC_026724.1	Loligo uyii	Loliginidae	17134	12	2	refseq
mollusca	NC_028034.1	Loliolus beka	Loliginidae	17483	13	2	refseq
mollusca	NC_030208.1	Loliolus japonica	Loliginidae	17232	13	2	refseq
mollusca	NC_007894.1	Sepioteuthis lessoniana	Loliginidae	16631	13	2	refseq
mollusca	NC_028189.1	Uroteuthis chinensis	Loliginidae	17353	13	2	refseq
mollusca	NC_027729.1	Uroteuthis duvaucelii	Loliginidae	17413	13	2	refseq
mollusca	NC_017746.1	Uroteuthis edulis	Loliginidae	17360	13	2	refseq
mollusca	NC_007782.1	Lottia digitalis	Lottiidae	26835	13	2	refseq
mollusca	NC_065373.1	Lottia goshimai	Lottiidae	19096	13	2	refseq
mollusca	NC_058306.1	Nipponacmea fuscoviridis	Lottiidae	18720	13	2	refseq
mollusca	NC_082058.1	Nipponacmea moskalevi	Lottiidae	22163	14	2	refseq
mollusca	NC_072117.1	Patelloida saccharinoides	Lottiidae	19048	13	2	refseq
mollusca	NC_013271.1	Loripes lacteus	Lucinidae	17321	13	2	refseq
mollusca	NC_013275.1	Lucinella divaricata	Lucinidae	18940	13	2	refseq
mollusca	NC_071184.1	Pillucina pisidium (Dunker, 1860)	Lucinidae	21059	13	2	refseq
mollusca	NC_069990.1	Luteuthis dentatus	Luteuthidae	16302	13	2	refseq
mollusca	NC_054237.1	Ampullaceana lagotis	Lymnaeidae	13751	13	2	refseq
mollusca	NC_086642.1	Austropeplea brazieri	Lymnaeidae	13757	13	2	refseq
mollusca	NC_018536.1	Galba pervia	Lymnaeidae	13768	13	2	refseq
mollusca	NC_042905.1	Pseudosuccinea columella	Lymnaeidae	13757	13	2	refseq
mollusca	NC_026538.1	Radix auricularia	Lymnaeidae	13745	13	2	refseq
mollusca	NC_034302.1	Lyonsia norwegica	Lyonsiidae	14673	13	2	refseq
mollusca	NC_036766.1	Lutraria maxima	Mactridae	17082	13	2	refseq
mollusca	NC_023384.1	Lutraria rhynchaena	Mactridae	16927	12	2	refseq
mollusca	NC_082278.1	Mactra alta	Mactridae	17006	13	2	refseq
mollusca	NC_021375.1	Mactra antiquata	Mactridae	17199	12	2	refseq
mollusca	NC_025510.1	Mactra chinensis	Mactridae	17285	12	2	refseq
mollusca	NC_082279.1	Mactra cumingii	Mactridae	16527	13	2	refseq
mollusca	NC_058202.1	Mactra quadrangularis	Mactridae	16848	12	2	refseq
mollusca	NC_034846.1	Cumberlandia monodonta	Margaritiferidae	16099	14	2	refseq
mollusca	NC_037942.1	Gibbosula crassa	Margaritiferidae	16196	14	2	refseq
mollusca	NC_079689.1	Gibbosula laosensis	Margaritiferidae	16116	13	2	refseq
mollusca	NC_023942.1	Margaritifera dahurica	Margaritiferidae	16112	14	2	refseq
mollusca	NC_015476.1	Margaritifera falcata	Margaritiferidae	16121	14	2	refseq
mollusca	NC_079690.1	Margaritifera hembeli	Margaritiferidae	16123	13	2	refseq
mollusca	NC_079691.1	Margaritifera laevis	Margaritiferidae	16174	13	2	refseq
mollusca	NC_043836.1	Margaritifera margaritifera	Margaritiferidae	16122	13	2	refseq
mollusca	NC_079693.1	Margaritifera marrianae	Margaritiferidae	16149	13	2	refseq
mollusca	NC_079692.1	Margaritifera middendorffi	Margaritiferidae	16159	13	2	refseq
mollusca	NC_079694.1	Pseudunio homsensis	Margaritiferidae	16205	13	2	refseq
mollusca	NC_034911.1	Pseudunio marocanus	Margaritiferidae	16001	13	2	refseq
mollusca	NC_082328.1	Mastigoteuthis agassizii	Mastigoteuthidae	20271	18	2	refseq
mollusca	NC_059758.1	Brunneifusus ternatanus	Melongenidae	16254	13	2	refseq
mollusca	NC_059704.1	Bathymodiolus aduloides	Modiolidae	17243	13	2	refseq
mollusca	NC_059705.1	Bathymodiolus azoricus	Modiolidae	17598	13	2	refseq
mollusca	NC_059706.1	Bathymodiolus brooksi	Modiolidae	17728	13	2	refseq
mollusca	NC_059708.1	Bathymodiolus marisindicus	Modiolidae	17138	13	2	refseq
mollusca	NC_068738.1	Bathymodiolus puteoserpentis	Modiolidae	20482	13	2	refseq
mollusca	NC_039552.1	Bathymodiolus securiformis	Modiolidae	17199	13	2	refseq
mollusca	NC_059707.1	Gigantidas childressi	Modiolidae	17637	13	2	refseq
mollusca	NC_059709.1	Gigantidas haimaensis	Modiolidae	18283	13	2	refseq
mollusca	NC_035421.1	Gigantidas platifrons	Modiolidae	17435	12	2	refseq
mollusca	NC_068739.1	Gigantidas vrijenhoeki	Modiolidae	17786	13	2	refseq
mollusca	NC_028706.1	Limnoperna fortunei	Modiolidae	18145	12	2	refseq
mollusca	NC_036486.1	Modiolus kurilensis	Modiolidae	16210	12	2	refseq
mollusca	NC_033537.1	Modiolus modiolus	Modiolidae	15816	13	2	refseq
mollusca	NC_067876.1	Modiolus modulaides	Modiolidae	15422	12	2	refseq
mollusca	NC_044130.1	Modiolus nipponicus	Modiolidae	15638	12	2	refseq
mollusca	NC_035422.1	Modiolus philippinarum	Modiolidae	16389	12	2	refseq
mollusca	NC_061566.1	Vignadula atrata	Modiolidae	14806	12	2	refseq
mollusca	NC_068740.1	Xenostrobus securis	Modiolidae	14972	13	2	refseq
mollusca	NC_026850.1	Cryptochiton stelleri	Mopaliidae	15082	13	2	refseq
mollusca	NC_047424.1	Dendrochiton gothicus	Mopaliidae	15288	13	2	refseq
mollusca	NC_001636.1	Katharina tunicata	Mopaliidae	15532	13	2	refseq
mollusca	NC_068065.1	Mopalia retifera	Mopaliidae	14984	13	2	refseq
mollusca	NC_085812.1	Plaxiphora tricolor	Mopaliidae	14909	13	2	refseq
mollusca	NC_063933.1	Arakawania granulata	Muricidae	15387	13	2	refseq
mollusca	NC_063934.1	Arakawania musiva	Muricidae	15218	13	2	refseq
mollusca	NC_013250.1	Bolinus brandaris	Muricidae	15380	13	2	refseq
mollusca	NC_046505.1	Boreotrophon candelabrum	Muricidae	15265	13	2	refseq
mollusca	NC_046569.1	Ceratostoma burnetti	Muricidae	15334	13	2	refseq
mollusca	NC_063923.1	Ceratostoma fournieri	Muricidae	15573	13	2	refseq
mollusca	NC_046526.1	Ceratostoma rorifluum	Muricidae	15338	13	2	refseq
mollusca	NC_039164.1	Chicoreus torrefactus	Muricidae	15359	13	2	refseq
mollusca	NC_017886.1	Concholepas concholepas	Muricidae	15495	13	2	refseq
mollusca	NC_069050.1	Coralliophila richardi	Muricidae	15553	13	2	refseq
mollusca	NC_063937.1	Drupa morum	Muricidae	15895	13	2	refseq
mollusca	NC_063932.1	Drupella margariticola	Muricidae	15410	13	2	refseq
mollusca	NC_061029.1	Drupella rugosa	Muricidae	16343	13	2	refseq
mollusca	NC_063941.1	Drupina grossularia	Muricidae	16188	13	2	refseq
mollusca	NC_063940.1	Indothais javanica	Muricidae	15219	13	2	refseq
mollusca	NC_037221.1	Indothais lacera	Muricidae	15272	13	2	refseq
mollusca	NC_063938.1	Indothais sacellum	Muricidae	15237	13	2	refseq
mollusca	NC_063939.1	Mancinella alouina	Muricidae	15286	13	2	refseq
mollusca	NC_082138.1	Mancinella echinata	Muricidae	16244	13	2	refseq
mollusca	NC_031405.1	Menathais tuberosa	Muricidae	15294	13	2	refseq
mollusca	NC_082139.1	Morula spinosa	Muricidae	16102	13	2	refseq
mollusca	NC_046052.1	Ocinebrellus falcatus	Muricidae	15326	13	2	refseq
mollusca	NC_046577.1	Ocinebrellus inornatus	Muricidae	15324	13	2	refseq
mollusca	NC_063936.1	Purpura bufo	Muricidae	15239	13	2	refseq
mollusca	NC_063935.1	Purpura persica	Muricidae	15227	13	2	refseq
mollusca	NC_011193.1	Rapana venosa	Muricidae	15272	13	2	refseq
mollusca	NC_063931.1	Reishia bronni	Muricidae	15262	13	2	refseq
mollusca	NC_010090.1	Reishia clavigera	Muricidae	15285	13	2	refseq
mollusca	NC_039165.1	Reishia luteostoma	Muricidae	15301	13	2	refseq
mollusca	NC_063773.1	Tylothais aculeata	Muricidae	17024	13	2	refseq
mollusca	NC_034844.1	Mutela dubia	Mutelidae	16168	13	2	refseq
mollusca	NC_024738.1	Mya arenaria	Myidae	17947	12	2	refseq
mollusca	NC_083978.1	Mya japonica	Myidae	21396	12	2	refseq
mollusca	NC_034303.1	Myadora brevis	Myochamidae	19292	13	2	refseq
mollusca	NC_014590.1	Arcuatula senhousia	Mytilidae	20612	13	2	refseq
mollusca	NC_024882.1	Brachidontes exustus	Mytilidae	16600	13	2	refseq
mollusca	NC_064131.1	Brachidontes pharaonis	Mytilidae	20066	13	2	refseq
mollusca	NC_044128.1	Crenomytilus grayanus	Mytilidae	17582	13	2	refseq
mollusca	NC_061903.1	Geukensia demissa	Mytilidae	15815	13	2	refseq
mollusca	NC_044129.1	Gregariella coralliophaga	Mytilidae	16273	13	2	refseq
mollusca	NC_056377.1	Mytella strigata	Mytilidae	16302	13	2	refseq
mollusca	NC_044127.1	Mytilisepta keenae	Mytilidae	15902	12	2	refseq
mollusca	NC_069060.1	Mytilisepta virgata	Mytilidae	14713	12	2	refseq
mollusca	NC_015993.1	Mytilus californianus	Mytilidae	16730	12	2	refseq
mollusca	NC_030633.1	Mytilus chilensis	Mytilidae	16765	13	2	refseq
mollusca	NC_024733.1	Mytilus coruscus	Mytilidae	16642	12	2	refseq
mollusca	NC_006886.2	Mytilus galloprovincialis	Mytilidae	16744	12	2	refseq
mollusca	NC_007687.1	Mytilus trossulus	Mytilidae	18652	12	2	refseq
mollusca	NC_054242.1	Perna canaliculus	Mytilidae	16004	13	2	refseq
mollusca	NC_026288.1	Perna perna	Mytilidae	18415	12	2	refseq
mollusca	NC_018362.1	Perna viridis	Mytilidae	16014	13	2	refseq
mollusca	NC_039571.1	Perumytilus purpuratus	Mytilidae	16464	13	2	refseq
mollusca	NC_044131.1	Septifer bilocularis	Mytilidae	16253	13	2	refseq
mollusca	NC_063771.1	Cellana orientalis	Nacellidae	16169	13	2	refseq
mollusca	NC_063772.1	Cellana toreuma	Nacellidae	16268	13	2	refseq
mollusca	NC_007781.1	Ilyanassa obsoleta	Nassariidae	15263	13	2	refseq
mollusca	NC_041310.1	Nassarius conoidalis	Nassariidae	15332	13	2	refseq
mollusca	NC_041546.1	Nassarius foveolatus	Nassariidae	15343	13	2	refseq
mollusca	NC_037604.1	Nassarius fraterculus	Nassariidae	15174	13	2	refseq
mollusca	NC_049091.1	Nassarius glans	Nassariidae	15296	13	2	refseq
mollusca	NC_062791.1	Nassarius gregarius	Nassariidae	15171	13	2	refseq
mollusca	NC_038169.1	Nassarius hepaticus	Nassariidae	15337	13	2	refseq
mollusca	NC_041548.1	Nassarius jacksonianus	Nassariidae	15234	13	2	refseq
mollusca	NC_041547.1	Nassarius javanus	Nassariidae	15325	13	2	refseq
mollusca	NC_041311.1	Nassarius pullus	Nassariidae	15278	13	2	refseq
mollusca	NC_041545.1	Nassarius sinarum	Nassariidae	15325	13	2	refseq
mollusca	NC_048962.1	Nassarius siquijorensis	Nassariidae	15337	13	2	refseq
mollusca	NC_029173.1	Nassarius variciferus	Nassariidae	15269	13	2	refseq
mollusca	NC_037607.1	Reticunassa festiva	Nassariidae	15195	13	2	refseq
mollusca	NC_037887.1	Reticunassa hiradoensis	Nassariidae	15194	13	2	refseq
mollusca	NC_013248.1	Tritia reticulata	Nassariidae	15271	13	2	refseq
mollusca	NC_046598.1	Cryptonatica andoi	Naticidae	15302	13	2	refseq
mollusca	NC_046704.1	Cryptonatica janthostoma	Naticidae	15235	13	2	refseq
mollusca	NC_084289.1	Eunaticina papilla	Naticidae	16415	13	2	refseq
mollusca	NC_046593.1	Euspira gilva	Naticidae	15315	13	2	refseq
mollusca	NC_046703.1	Euspira pila	Naticidae	15244	13	2	refseq
mollusca	NC_041162.1	Glossaulax reiniana	Naticidae	15254	13	2	refseq
mollusca	NC_046596.1	Mammilla kurodai	Naticidae	15309	13	2	refseq
mollusca	NC_046597.1	Mammilla mammata	Naticidae	15319	13	2	refseq
mollusca	NC_028002.1	Naticarius hebraeus	Naticidae	15384	13	2	refseq
mollusca	NC_046594.1	Neverita didyma	Naticidae	15629	13	2	refseq
mollusca	NC_046705.1	Notocochlis gualtieriana	Naticidae	15176	13	2	refseq
mollusca	NC_050661.1	Paratectonatica tigrina	Naticidae	15201	13	2	refseq
mollusca	NC_046595.1	Polinices sagamiensis	Naticidae	15383	13	2	refseq
mollusca	NC_050662.1	Tanea lineata	Naticidae	15156	13	2	refseq
mollusca	NC_026997.1	Allonautilus scrobiculatus	Nautilidae	16132	13	2	refseq
mollusca	NC_007980.1	Nautilus macromphalus	Nautilidae	16258	13	2	refseq
mollusca	NC_035715.1	Nautilus pompilius	Nautilidae	15693	12	2	refseq
mollusca	NC_066806.1	Lamellomphalus manusensis	Neomphalidae	15334	13	2	refseq
mollusca	NC_033380.1	Laevipilina antarctica	Neopilinidae	18642	13	2	refseq
mollusca	NC_033379.1	Vema ewingi	Neopilinidae	17910	13	2	refseq
mollusca	NC_062611.1	Clithon corona	Neritidae	15975	13	2	refseq
mollusca	NC_062610.1	Clithon lentiginosum	Neritidae	15885	13	2	refseq
mollusca	NC_068076.1	Clithon oualaniense	Neritidae	15712	13	2	refseq
mollusca	NC_031893.1	Clithon retropictum	Neritidae	15814	13	2	refseq
mollusca	NC_068077.1	Clithon sowerbianum	Neritidae	15895	13	2	refseq
mollusca	NC_062613.1	Clithon squarrosum	Neritidae	15905	13	2	refseq
mollusca	NC_068078.1	Nerita costata	Neritidae	15604	13	2	refseq
mollusca	NC_068083.1	Nerita histrio	Neritidae	15538	13	2	refseq
mollusca	NC_068079.1	Nerita insculpta	Neritidae	15721	13	2	refseq
mollusca	NC_068080.1	Nerita ocellata	Neritidae	15577	13	2	refseq
mollusca	NC_068081.1	Nerita plicata	Neritidae	15737	13	2	refseq
mollusca	NC_068082.1	Nerita reticulata	Neritidae	15630	13	2	refseq
mollusca	NC_087859.1	Nerita undata	Neritidae	15878	13	2	refseq
mollusca	NC_062612.1	Neritina iris	Neritidae	15618	13	2	refseq
mollusca	NC_064130.1	Septaria lineata	Neritidae	15697	13	2	refseq
mollusca	NC_047421.1	Nierstraszella lineata	Nierstraszellidae	15765	13	2	refseq
mollusca	NC_082282.1	Ennucula tenuis	Nuculidae	16913	13	2	refseq
mollusca	NC_029702.1	Amphioctopus aegina	Octopodidae	15545	13	2	refseq
mollusca	NC_007896.1	Amphioctopus fangsiao	Octopodidae	15979	13	2	refseq
mollusca	NC_060722.1	Amphioctopus fangsiao etchuanus	Octopodidae	15957	13	2	refseq
mollusca	NC_036351.1	Amphioctopus marginatus	Octopodidae	15719	13	2	refseq
mollusca	NC_049899.1	Amphioctopus neglectus	Octopodidae	15747	13	2	refseq
mollusca	NC_069992.1	Bathypolypus ergasticus	Octopodidae	14046	12	2	refseq
mollusca	NC_069190.1	Bathypolypus sponsalis	Octopodidae	17207	13	2	refseq
mollusca	NC_015896.1	Callistoctopus minor	Octopodidae	15974	13	2	refseq
mollusca	NC_023257.1	Cistopus taiwanicus	Octopodidae	15793	13	2	refseq
mollusca	NC_056385.1	Enteroctopus dofleini	Octopodidae	16026	13	2	refseq
mollusca	NC_069993.1	Graneledone verrucosa	Octopodidae	17000	13	2	refseq
mollusca	NC_051545.1	Hapalochlaena fasciata	Octopodidae	15479	13	2	refseq
mollusca	NC_069994.1	Muusoctopus johnsonianus	Octopodidae	16306	13	2	refseq
mollusca	NC_028547.1	Octopus bimaculatus	Octopodidae	16084	13	2	refseq
mollusca	NC_029723.1	Octopus bimaculoides	Octopodidae	15733	13	2	refseq
mollusca	NC_029747.1	Octopus conispadiceus	Octopodidae	16027	13	2	refseq
mollusca	NC_057954.1	Octopus fitchi	Octopodidae	15780	13	2	refseq
mollusca	NC_044093.1	Octopus mimus	Octopodidae	15696	13	2	refseq
mollusca	NC_069192.1	Octopus salutii	Octopodidae	15973	13	2	refseq
mollusca	NC_052881.1	Octopus sinensis	Octopodidae	15737	13	2	refseq
mollusca	NC_038213.1	Octopus variabilis	Octopodidae	15992	13	2	refseq
mollusca	NC_006353.1	Octopus vulgaris	Octopodidae	15744	13	2	refseq
mollusca	NC_039848.1	Pinnoctopus luteus	Octopodidae	15961	13	2	refseq
mollusca	NC_069193.1	Pteroctopus tetracirrhus	Octopodidae	15947	13	2	refseq
mollusca	NC_069191.1	Scaeurgus unicirrhus	Octopodidae	15803	13	2	refseq
mollusca	NC_061910.1	Amalda mucronata	Olividae	15353	13	2	refseq
mollusca	NC_014403.1	Amalda northlandica	Olividae	15354	13	2	refseq
mollusca	NC_009734.1	Dosidicus gigas	Ommastrephidae	20324	18	2	refseq
mollusca	NC_026908.1	Illex argentinus	Ommastrephidae	20278	17	2	refseq
mollusca	NC_020348.1	Ommastrephes bartramii	Ommastrephidae	20308	18	2	refseq
mollusca	NC_010636.1	Sthenoteuthis oualaniensis	Ommastrephidae	20306	18	2	refseq
mollusca	NC_006354.1	Todarodes pacificus	Ommastrephidae	20254	18	2	refseq
mollusca	NC_012376.1	Onchidella celtica	Onchidiidae	14150	13	2	refseq
mollusca	NC_068812.1	Onchidium reevesii	Onchidiidae	13955	13	2	refseq
mollusca	NC_016181.1	Peronia peronii	Onchidiidae	13968	13	2	refseq
mollusca	NC_068813.1	Peronia verruculata	Onchidiidae	13860	13	2	refseq
mollusca	NC_013934.1	Platevindex mortoni	Onchidiidae	13991	13	2	refseq
mollusca	NC_072331.1	Onychoteuthis compacta	Onychoteuthidae	20491	17	2	refseq
mollusca	NC_069985.1	Cirroctopus glacialis	Opisthoteuthidae	16474	13	2	refseq
mollusca	NC_069984.1	Opisthoteuthis californiana	Opisthoteuthidae	16135	13	2	refseq
mollusca	NC_069991.1	Opisthoteuthis grimaldii	Opisthoteuthidae	16465	13	2	refseq
mollusca	NC_069989.1	Opisthoteuthis massyae	Opisthoteuthidae	16561	13	2	refseq
mollusca	NC_034782.1	Orcula dolium	Orculidae	14063	13	2	refseq
mollusca	NC_043790.1	Oreohelix idahoensis	Oreohelicidae	14213	13	2	refseq
mollusca	NC_028553.1	Naesiotus nux	Orthalicidae	15197	14	2	refseq
mollusca	NC_082226.1	Rabdotus mooreanus	Orthalicidae	14807	13	2	refseq
mollusca	NC_056354.1	Alectryonella plicatula	Ostreidae	18225	12	3	refseq
mollusca	NC_012649.1	Crassostrea sikamea	Ostreidae	18243	12	4	refseq
mollusca	NC_018763.1	Crassostrea sp. DB1	Ostreidae	22040	15	4	refseq
mollusca	NC_027653.1	Crassostrea tulipa	Ostreidae	17685	12	4	refseq
mollusca	NC_012648.1	Magallana angulata	Ostreidae	18225	12	4	refseq
mollusca	NC_012650.1	Magallana ariakensis	Ostreidae	18414	12	4	refseq
mollusca	NC_013997.1	Magallana bilineata	Ostreidae	22446	12	4	refseq
mollusca	NC_001276.1	Magallana gigas	Ostreidae	18224	12	4	refseq
mollusca	NC_011518.2	Magallana hongkongensis	Ostreidae	18622	12	4	refseq
mollusca	NC_015248.1	Magallana nippona	Ostreidae	20030	12	4	refseq
mollusca	NC_077459.1	Nanostrea pinnicola	Ostreidae	16315	13	3	refseq
mollusca	NC_015231.1	Ostrea denselamellosa	Ostreidae	16277	12	3	refseq
mollusca	NC_016180.1	Ostrea edulis	Ostreidae	16320	12	3	refseq
mollusca	NC_022688.1	Ostrea lurida	Ostreidae	16344	13	3	refseq
mollusca	NC_077460.1	Planostrea pestigris	Ostreidae	16236	13	3	refseq
mollusca	NC_027724.1	Saccostrea cuccullata	Ostreidae	16396	12	3	refseq
mollusca	NC_036478.1	Saccostrea echinata	Ostreidae	16281	12	3	refseq
mollusca	NC_036483.1	Saccostrea glomerata	Ostreidae	16282	12	3	refseq
mollusca	NC_030533.1	Saccostrea kegaki	Ostreidae	16260	12	3	refseq
mollusca	NC_065027.1	Saccostrea malabonensis	Ostreidae	16204	12	3	refseq
mollusca	NC_013998.1	Saccostrea mordax	Ostreidae	16532	12	3	refseq
mollusca	NC_036479.1	Saccostrea mytiloides	Ostreidae	16282	12	3	refseq
mollusca	NC_077458.1	Talonostrea talonata	Ostreidae	20552	13	3	refseq
mollusca	NC_084101.1	Volva habei	Ovulidae	16519	13	2	refseq
mollusca	NC_030263.1	Tylomelania sarasinorum	Pachychilidae	16632	13	2	refseq
mollusca	NC_045095.1	Pseudocleopatra dartevellei	Paludomidae	15368	13	2	refseq
mollusca	NC_057147.1	Amusium pleuronectes	Pectinidae	18044	13	2	refseq
mollusca	NC_009687.1	Argopecten irradians	Pectinidae	16221	12	2	refseq
mollusca	NC_012977.1	Argopecten irradians irradians	Pectinidae	16211	12	2	refseq
mollusca	NC_027943.1	Argopecten purpuratus	Pectinidae	16270	12	2	refseq
mollusca	NC_011608.1	Mimachlamys nobilis	Pectinidae	17963	12	2	refseq
mollusca	NC_061741.1	Mimachlamys varia	Pectinidae	20400	13	2	refseq
mollusca	NC_007234.1	Placopecten magellanicus	Pectinidae	32115	12	2	refseq
mollusca	NC_068847.1	Ylistrum balloti	Pectinidae	19484	13	3	refseq
mollusca	NC_067061.1	Dracogyra subfuscus	Peltospiridae	15744	13	2	refseq
mollusca	NC_060766.1	Gigantopelta aegis	Peltospiridae	15176	13	2	refseq
mollusca	NC_085482.1	Melanodrymia galeronae	Peltospiridae	18013	13	2	refseq
mollusca	NC_067937.1	Nodopelta heminoda	Peltospiridae	15583	13	2	refseq
mollusca	NC_077598.1	Novaculina chinensis	Pharidae	16262	12	2	refseq
mollusca	NC_028709.1	Phasianella solida	Phasianellidae	16698	13	2	refseq
mollusca	NC_077555.1	Philine kinglipini	Philinidae	14026	13	2	refseq
mollusca	NC_035429.1	Meghimatium bilineatum	Philomycidae	13972	13	2	refseq
mollusca	NC_063757.1	Xyloredo nooi	Pholadidae	17619	12	2	refseq
mollusca	NC_063667.1	Phyllidia elegans	Phyllidiidae	14618	13	2	refseq
mollusca	NC_030039.1	Phyllidia ocellata	Phyllidiidae	14598	13	2	refseq
mollusca	NC_083999.1	Phyllidia picta	Phyllidiidae	14624	13	2	refseq
mollusca	NC_084000.1	Phyllidiella hageni	Phyllidiidae	14544	13	2	refseq
mollusca	NC_048495.1	Phyllidiella pustulosa	Phyllidiidae	14717	13	2	refseq
mollusca	NC_084001.1	Phyllidiella zeylanica	Phyllidiidae	14710	13	2	refseq
mollusca	NC_052698.1	Phyllidiopsis krempfi	Phyllidiidae	14970	13	2	refseq
mollusca	NC_084003.1	Phyllidiopsis shireenae	Phyllidiidae	15075	13	2	refseq
mollusca	NC_084002.1	Phyllidiopsis xishaensis	Phyllidiidae	14792	13	2	refseq
mollusca	NC_023253.1	Physella acuta	Physidae	14490	13	2	refseq
mollusca	NC_020028.1	Atrina pectinata	Pinnidae	16811	12	2	refseq
mollusca	NC_060781.1	Pinna rudis	Pinnidae	18264	12	2	refseq
mollusca	NC_064504.1	Elysia atroviridis	Plakobranchidae	14137	13	2	refseq
mollusca	NC_010567.1	Elysia chlorotica	Plakobranchidae	14132	13	2	refseq
mollusca	NC_035489.1	Elysia cornigera	Plakobranchidae	14118	13	2	refseq
mollusca	NC_030537.1	Elysia ornata	Plakobranchidae	14188	13	2	refseq
mollusca	NC_035490.1	Elysia timida	Plakobranchidae	14088	13	2	refseq
mollusca	NC_005439.1	Biomphalaria glabrata	Planorbidae	13670	13	2	refseq
mollusca	NC_036993.1	Biomphalaria straminea	Planorbidae	13650	13	2	refseq
mollusca	NC_010220.1	Biomphalaria tenagophila	Planorbidae	13722	13	2	refseq
mollusca	NC_060798.1	Bulinus globosus	Planorbidae	13734	13	2	refseq
mollusca	NC_060796.1	Bulinus nasutus	Planorbidae	13690	13	2	refseq
mollusca	NC_060795.1	Bulinus truncatus	Planorbidae	13767	13	2	refseq
mollusca	NC_060797.1	Bulinus ugandae	Planorbidae	13715	13	2	refseq
mollusca	NC_084421.1	Polypylis sp. TS-2018	Planorbidae	13746	13	2	refseq
mollusca	NC_015091.1	Berthellina sp. TLT-2006	Pleurobranchidae	15688	13	2	refseq
mollusca	NC_084162.1	Koreoleptoxis friniana	Pleuroceridae	15544	13	2	refseq
mollusca	NC_046494.1	Koreoleptoxis nodifila	Pleuroceridae	15737	13	2	refseq
mollusca	NC_063545.1	Bayerotrochus charlestonensis	Pleurotomariidae	15969	13	2	refseq
mollusca	NC_063543.1	Entemnotrochus adansonianus	Pleurotomariidae	15815	13	2	refseq
mollusca	NC_069057.1	Entemnotrochus rumphii	Pleurotomariidae	15795	13	2	refseq
mollusca	NC_063544.1	Perotrochus quoyanus	Pleurotomariidae	15900	13	2	refseq
mollusca	NC_034920.1	Nembrotha kubaryana	Polyceridae	14395	13	2	refseq
mollusca	NC_015111.1	Notodoris gardineri	Polyceridae	14424	13	2	refseq
mollusca	NC_065089.1	Polycera hedgpethi	Polyceridae	14444	13	2	refseq
mollusca	NC_004321.1	Tyrannodoris europaea	Polyceridae	14472	13	2	refseq
mollusca	NC_032036.1	Polygyra cereolus	Polygyridae	14008	13	2	refseq
mollusca	NC_032079.1	Praticolella mexicana	Polygyridae	14153	13	2	refseq
mollusca	NC_013073.1	Oncomelania hupensis	Pomatiopsidae	15182	13	2	refseq
mollusca	NC_012899.1	Oncomelania hupensis hupensis	Pomatiopsidae	15186	13	2	refseq
mollusca	NC_013187.1	Oncomelania hupensis robertsoni	Pomatiopsidae	15191	13	2	refseq
mollusca	NC_013833.1	Tricula hortensis	Pomatiopsidae	15179	13	2	refseq
mollusca	NC_034304.1	Tropidomya abbreviata	Poromyidae	16829	13	2	refseq
mollusca	NC_039951.1	Cerithidea obtusa	Potamididae	15708	13	2	refseq
mollusca	NC_080997.1	Alviniconcha adamantis	Provannidae	16342	13	2	refseq
mollusca	NC_049893.1	Alviniconcha boucheti	Provannidae	15981	13	2	refseq
mollusca	NC_080996.1	Alviniconcha kojimai	Provannidae	15970	13	2	refseq
mollusca	NC_079669.1	Alviniconcha marisindica	Provannidae	15979	13	2	refseq
mollusca	NC_080999.1	Alviniconcha strummeri	Provannidae	15562	13	2	refseq
mollusca	NC_080998.1	Desbruyeresia armata	Provannidae	15825	13	2	refseq
mollusca	NC_024642.1	Ifremeria nautilei	Provannidae	15664	13	2	refseq
mollusca	NC_082117.1	Provanna clathrata	Provannidae	15344	13	2	refseq
mollusca	NC_082179.1	Provanna glabra	Provannidae	16268	13	2	refseq
mollusca	NC_042422.1	Gari elongata	Psammobiidae	16766	12	2	refseq
mollusca	NC_042421.1	Hiatula acuta	Psammobiidae	16352	13	2	refseq
mollusca	NC_042420.1	Hiatula chinensis	Psammobiidae	16333	12	2	refseq
mollusca	NC_018372.1	Hiatula diphos	Psammobiidae	16352	12	2	refseq
mollusca	NC_018373.1	Nuttallia olivacea	Psammobiidae	18182	12	2	refseq
mollusca	NC_042423.1	Sanguinolaria ovalis	Psammobiidae	16460	12	2	refseq
mollusca	NC_026043.1	Gastrocopta cristata	Pupillidae	14060	13	2	refseq
mollusca	NC_026044.1	Pupilla muscorum	Pupillidae	14149	13	2	refseq
mollusca	NC_012435.1	Pyramidella dolabrata	Pyramidellidae	13856	13	2	refseq
mollusca	NC_082329.1	Pyroteuthis margaritifera	Pyroteuthidae	20069	18	2	refseq
mollusca	NC_037188.1	Charonia lampas	Ranellidae	15405	13	2	refseq
mollusca	NC_082220.1	Charonia tritonis	Ranellidae	15346	13	2	refseq
mollusca	NC_013247.1	Monoplex parthenopeus	Ranellidae	15270	13	2	refseq
mollusca	NC_038186.1	Typhlosyrinx sp. MNHN IM 2013-18371	Raphitomidae	15804	13	2	refseq
mollusca	NC_065371.1	Tibia fusus	Rostellariidae	16083	13	2	refseq
mollusca	NC_059925.1	Varicospira cancellata	Rostellariidae	15864	13	2	refseq
mollusca	NC_038081.1	Scutopus robustus	Scutopodidae	14515	13	2	refseq
mollusca	NC_025284.1	Scutopus ventrolineatus	Scutopodidae	14662	13	2	refseq
mollusca	NC_018374.1	Semele scabra	Semelidae	17117	12	2	refseq
mollusca	NC_085155.1	Hua aristarchorum	Semisulcospiridae	15691	13	2	refseq
mollusca	NC_037771.1	Semisulcospira coreana	Semisulcospiridae	15398	12	2	refseq
mollusca	NC_023364.1	Semisulcospira libertina	Semisulcospiridae	15432	13	2	refseq
mollusca	NC_022959.1	Acanthosepion aculeatum	Sepiidae	16219	13	2	refseq
mollusca	NC_009690.1	Acanthosepion esculentum	Sepiidae	16199	13	2	refseq
mollusca	NC_022468.1	Acanthosepion lycidas	Sepiidae	16244	13	2	refseq
mollusca	NC_021146.1	Acanthosepion pharaonis	Sepiidae	16208	13	2	refseq
mollusca	NC_022466.1	Ascarosepion apama	Sepiidae	16184	13	2	refseq
mollusca	NC_022467.1	Ascarosepion latimanus	Sepiidae	16225	13	2	refseq
mollusca	NC_069189.1	Rhombosepion elegans	Sepiidae	16120	13	2	refseq
mollusca	NC_069188.1	Rhombosepion orbignyanum	Sepiidae	16176	13	2	refseq
mollusca	NC_007895.1	Sepia officinalis	Sepiidae	16163	13	2	refseq
mollusca	NC_022693.1	Sepiella inermis	Sepiidae	16191	13	2	refseq
mollusca	NC_017749.1	Sepiella japonica	Sepiidae	16172	13	2	refseq
mollusca	NC_028731.1	Sepiella maindroni	Sepiidae	16170	13	2	refseq
mollusca	NC_065647.1	Adinaefiola ligulata	Sepiolidae	14916	13	2	refseq
mollusca	NC_065641.1	Eumandya pardalota	Sepiolidae	14909	13	2	refseq
mollusca	NC_065637.1	Eumandya parva	Sepiolidae	14914	13	2	refseq
mollusca	NC_065634.1	Euprymna berryi	Sepiolidae	14926	13	2	refseq
mollusca	NC_065635.1	Euprymna brenneri	Sepiolidae	14918	13	2	refseq
mollusca	NC_065636.1	Euprymna morsei	Sepiolidae	14900	13	2	refseq
mollusca	NC_065633.1	Heteroteuthis dagamensis	Sepiolidae	14919	13	2	refseq
mollusca	NC_065638.1	Heteroteuthis hawaiiensis	Sepiolidae	14929	13	2	refseq
mollusca	NC_065639.1	Inioteuthis japonica	Sepiolidae	14919	13	2	refseq
mollusca	NC_065644.1	Lusepiola birostrata	Sepiolidae	14910	13	2	refseq
mollusca	NC_065640.1	Neorossia caroli	Sepiolidae	14918	13	2	refseq
mollusca	NC_065642.1	Rossia macrosoma	Sepiolidae	14921	13	2	refseq
mollusca	NC_016425.1	Semirossia patagonica	Sepiolidae	17086	13	2	refseq
mollusca	NC_065645.1	Sepietta neglecta	Sepiolidae	14920	13	2	refseq
mollusca	NC_065648.1	Sepietta obscura	Sepiolidae	14924	13	2	refseq
mollusca	NC_065649.1	Sepietta oweniana	Sepiolidae	14923	13	2	refseq
mollusca	NC_065643.1	Sepiola affinis	Sepiolidae	14922	13	2	refseq
mollusca	NC_065646.1	Sepiola intermedia	Sepiolidae	14918	13	2	refseq
mollusca	NC_065650.1	Sepiola robusta	Sepiolidae	14912	13	2	refseq
mollusca	NC_059924.1	Terebellum terebellum	Seraphsidae	15478	13	2	refseq
mollusca	NC_016188.1	Siphonaria gigas	Siphonariidae	14518	13	2	refseq
mollusca	NC_012383.1	Siphonaria pectinata	Siphonariidae	14065	13	2	refseq
mollusca	NC_005840.1	Siphonodentalium lobatum	Siphonodentaliidae	13932	13	2	refseq
mollusca	NC_011075.1	Sinonovacula constricta	Solecurtidae	17225	12	2	refseq
mollusca	NC_018376.1	Solecurtus divaricatus	Solecurtidae	16749	12	2	refseq
mollusca	NC_034905.1	Petrasma pervernicosa	Solemyidae	16554	13	2	refseq
mollusca	NC_034904.1	Solemya elarraichensis	Solemyidae	15767	13	2	refseq
mollusca	NC_034906.1	Solemya velesiana	Solemyidae	16030	13	2	refseq
mollusca	NC_017612.1	Solemya velum	Solemyidae	15660	13	2	refseq
mollusca	NC_016665.1	Solen grandis	Solenidae	16784	12	2	refseq
mollusca	NC_017616.1	Solen strictus	Solenidae	16535	12	2	refseq
mollusca	NC_063706.1	Virpazaria ripkeni	Spelaeodiscidae	15644	13	2	refseq
mollusca	NC_068238.1	Euglesa coreana	Sphaeriidae	16306	13	2	refseq
mollusca	NC_068237.1	Musculium lacustre	Sphaeriidae	16182	13	2	refseq
mollusca	NC_077582.1	Euglandina singleyana	Spiraxidae	14379	13	2	refseq
mollusca	NC_034682.1	Spirula spirula	Spirulidae	15472	13	2	refseq
mollusca	NC_080968.1	Stenothyra glabra	Stenothyridae	15704	13	2	refseq
mollusca	NC_024932.1	Aliger gigas	Strombidae	15461	13	2	refseq
mollusca	NC_035726.1	Conomurex luhuanus	Strombidae	15799	13	2	refseq
mollusca	NC_084214.1	Euprotomus aratrum	Strombidae	16187	13	2	refseq
mollusca	NC_053786.1	Laevistrombus canarium	Strombidae	15626	13	2	refseq
mollusca	NC_071230.1	Lambis lambis	Strombidae	16042	13	2	refseq
mollusca	NC_084210.1	Lentigo lentiginosus	Strombidae	16054	13	2	refseq
mollusca	NC_084213.1	Strombus labiatus	Strombidae	15843	13	2	refseq
mollusca	NC_059922.1	Strombus pugilis	Strombidae	15809	13	2	refseq
mollusca	NC_059923.1	Tridentarius dentatus	Strombidae	15500	13	2	refseq
mollusca	NC_059921.1	Struthiolaria papulosa	Struthiolaridae	15475	13	2	refseq
mollusca	NC_058597.1	Oxyloma wujiaquensis	Succineidae	14086	13	2	refseq
mollusca	NC_068814.1	Succinea arundinetorum	Succineidae	15282	13	2	refseq
mollusca	NC_069953.1	Succinea erythrophana	Succineidae	14023	13	2	refseq
mollusca	NC_016190.1	Succinea putris	Succineidae	14092	13	2	refseq
mollusca	NC_070577.1	Potamopyrgus antipodarum	Tateidae	16846	13	2	refseq
mollusca	NC_070576.1	Potamopyrgus estuarinus	Tateidae	16701	13	2	refseq
mollusca	NC_031862.1	Omphalius nigerrimus	Tegulidae	17755	13	2	refseq
mollusca	NC_056356.1	Omphalius rusticus	Tegulidae	18067	13	2	refseq
mollusca	NC_036068.1	Tectus pyramis	Tegulidae	18439	13	2	refseq
mollusca	NC_031859.1	Tegula argyrostoma	Tegulidae	17780	13	2	refseq
mollusca	NC_016954.1	Tegula brunnea	Tegulidae	17690	13	2	refseq
mollusca	NC_029367.1	Tegula lividomaculata	Tegulidae	17375	13	2	refseq
mollusca	NC_018371.1	Iridona iridescens	Tellinidae	16799	12	2	refseq
mollusca	NC_046519.1	Macoma balthica	Tellinidae	17492	13	2	refseq
mollusca	NC_013239.1	Oxymeris dimidiata	Terebridae	16513	13	2	refseq
mollusca	NC_063758.1	Bactronophorus thoracites	Teredinidae	16562	12	2	refseq
mollusca	NC_063759.1	Bankia gouldi	Teredinidae	16795	12	2	refseq
mollusca	NC_063760.1	Bankia setacea	Teredinidae	16986	12	2	refseq
mollusca	NC_063761.1	Dicyathifer mannii	Teredinidae	17176	12	2	refseq
mollusca	NC_063762.1	Kuphus polythalamius	Teredinidae	18094	12	2	refseq
mollusca	NC_063763.1	Lithoredo abatanica	Teredinidae	16084	12	2	refseq
mollusca	NC_063764.1	Neoteredo reynei	Teredinidae	18035	12	2	refseq
mollusca	NC_063765.1	Nototeredo knoxi	Teredinidae	18431	12	2	refseq
mollusca	NC_063766.1	Teredo bartschi	Teredinidae	16962	12	2	refseq
mollusca	NC_063767.1	Teredothyra matocotana	Teredinidae	17364	12	2	refseq
mollusca	NC_088051.1	Thyasira tokunagai	Thyasiridae	18263	13	2	refseq
mollusca	NC_058301.1	Thysanoteuthis rhombus	Thysanoteuthidae	20545	18	2	refseq
mollusca	NC_026848.1	Cyanoplax caverna	Tonicellidae	15141	13	2	refseq
mollusca	NC_026849.1	Nuttallina californica	Tonicellidae	15604	13	2	refseq
mollusca	NC_082277.1	Tonna galea	Tonnidae	17504	13	2	refseq
mollusca	NC_070289.1	Tremoctopus violaceus	Tremoctopodidae	16191	13	2	refseq
mollusca	NC_034843.1	Neotrigonia margaritacea	Trigoniidae	16739	13	2	refseq
mollusca	NC_016193.1	Trimusculus reticulatus	Trimusculidae	14044	13	2	refseq
mollusca	NC_068819.1	Triopha modesta	Triophidae	14397	13	2	refseq
mollusca	NC_079703.1	Tritonia iocasica	Tritoniidae	14707	13	2	refseq
mollusca	NC_026988.1	Tritonia tetraquetra	Tritoniidae	14540	13	2	refseq
mollusca	NC_079704.1	Tritoniopsis elegans	Tritoniidae	14962	13	2	refseq
mollusca	NC_062608.1	Monodonta labio	Trochidae	16720	13	2	refseq
mollusca	NC_035682.1	Steromphala umbilicalis	Trochidae	16277	13	2	refseq
mollusca	NC_031861.1	Stomatella planulata	Trochidae	17151	13	2	refseq
mollusca	NC_067949.1	Trochus sacellum	Trochidae	16978	13	2	refseq
mollusca	NC_041307.1	Umbonium thomasi	Trochidae	15998	13	2	refseq
mollusca	NC_031860.1	Angaria delphinus	Turbinidae	19554	13	2	refseq
mollusca	NC_028707.1	Angaria neglecta	Turbinidae	19470	13	2	refseq
mollusca	NC_031858.1	Astralium haematragum	Turbinidae	16310	13	2	refseq
mollusca	NC_029366.1	Bolma rugosa	Turbinidae	17432	13	2	refseq
mollusca	NC_081576.1	Lunella correensis	Turbinidae	17309	13	2	refseq
mollusca	NC_031857.1	Lunella granulata	Turbinidae	17190	13	2	refseq
mollusca	NC_061024.1	Turbo cornutus	Turbinidae	17299	13	2	refseq
mollusca	NC_013242.1	Fusiturris similis	Turridae	15595	13	2	refseq
mollusca	NC_038183.1	Gemmuloborsonia moosai	Turridae	15541	13	2	refseq
mollusca	NC_008098.1	Iotyrris cerithiformis	Turridae	15380	13	2	refseq
mollusca	NC_038185.1	Leucosyrinx sp. MNHN IM 2013-19304	Turridae	15358	13	2	refseq
mollusca	NC_084239.1	Unedogemmula leucotropis	Turridae	16362	13	2	refseq
mollusca	NC_068097.1	Maoricolpus roseus	Turritellidae	15865	13	2	refseq
mollusca	NC_029717.1	Turritella bacillum	Turritellidae	15868	13	2	refseq
mollusca	NC_045529.1	Aculamprotula scripta	Unionidae	15688	13	2	refseq
mollusca	NC_029210.1	Aculamprotula tientsinensis	Unionidae	15695	14	2	refseq
mollusca	NC_042472.1	Acuticosta chinensis	Unionidae	15652	13	2	refseq
mollusca	NC_038155.1	Alasmidonta varicosa	Unionidae	15693	14	2	refseq
mollusca	NC_050056.1	Amblema plicata	Unionidae	15946	13	2	refseq
mollusca	NC_026674.1	Anemina arcaeformis	Unionidae	15672	13	2	refseq
mollusca	NC_026792.1	Anemina euscaphys	Unionidae	15741	13	2	refseq
mollusca	NC_022803.1	Anodonta anatina	Unionidae	15653	14	2	refseq
mollusca	NC_036488.1	Anodonta cygnea	Unionidae	15613	13	2	refseq
mollusca	NC_057110.1	Anodonta exulcerata	Unionidae	15619	13	2	refseq
mollusca	NC_057111.1	Anodonta nuttalliana	Unionidae	16015	13	2	refseq
mollusca	NC_044110.1	Chamberlainia hainesiana	Unionidae	16746	13	2	refseq
mollusca	NC_012716.1	Cristaria plicata	Unionidae	15712	13	2	refseq
mollusca	NC_066664.1	Cuneopsis demangei	Unionidae	15975	14	2	refseq
mollusca	NC_042471.1	Cuneopsis heudei	Unionidae	15892	13	2	refseq
mollusca	NC_066663.1	Cuneopsis rufescens	Unionidae	15945	14	2	refseq
mollusca	NC_026673.1	Elliptio icterina	Unionidae	16285	13	2	refseq
mollusca	NC_059764.1	Hyriopsis bialata	Unionidae	15919	13	2	refseq
mollusca	NC_062877.1	Lamellidens marginalis	Unionidae	15732	13	2	refseq
mollusca	NC_030336.1	Lamprotula caveata	Unionidae	16641	13	2	refseq
mollusca	NC_026035.1	Lamprotula coreana	Unionidae	15697	13	2	refseq
mollusca	NC_058232.1	Lamprotula cornuumlunae	Unionidae	16635	13	2	refseq
mollusca	NC_023806.1	Lamprotula gottschei	Unionidae	15915	13	2	refseq
mollusca	NC_023346.1	Lamprotula leaii	Unionidae	16530	13	2	refseq
mollusca	NC_030258.1	Lamprotula scripta	Unionidae	16250	13	2	refseq
mollusca	NC_021404.1	Lamprotula tortuosa	Unionidae	15722	13	2	refseq
mollusca	NC_068678.1	Lampsilis cardium	Unionidae	16075	14	2	refseq
mollusca	NC_068677.1	Lampsilis cariosa	Unionidae	15981	14	2	refseq
mollusca	NC_005335.1	Lampsilis ornata	Unionidae	16060	13	2	refseq
mollusca	NC_037720.1	Lampsilis powellii	Unionidae	16043	14	2	refseq
mollusca	NC_037721.1	Lampsilis siliquoidea	Unionidae	16094	14	2	refseq
mollusca	NC_026686.1	Lanceolaria grayii	Unionidae	15736	13	2	refseq
mollusca	NC_023955.1	Lanceolaria lanceolata	Unionidae	15782	13	2	refseq
mollusca	NC_068679.1	Lasmigona complanata	Unionidae	16006	14	2	refseq
mollusca	NC_015481.1	Lasmigona compressa	Unionidae	15903	14	2	refseq
mollusca	NC_059762.1	Lens contradens	Unionidae	15956	13	2	refseq
mollusca	NC_085414.1	Lepidodesma aligera	Unionidae	15769	13	2	refseq
mollusca	NC_029491.1	Lepidodesma languilati	Unionidae	15754	13	2	refseq
mollusca	NC_044111.1	Microcondylaea bonellii	Unionidae	16020	13	2	refseq
mollusca	NC_060593.1	Nodularia douglasiae	Unionidae	15746	13	2	refseq
mollusca	NC_039839.1	Parvasolenaia rivularis	Unionidae	16613	13	2	refseq
mollusca	NC_059763.1	Physunio superbus	Unionidae	16057	13	2	refseq
mollusca	NC_044124.1	Pilsbryoconcha exilis	Unionidae	16168	13	2	refseq
mollusca	NC_050057.1	Pleurobema oviforme	Unionidae	15852	13	2	refseq
mollusca	NC_050058.1	Popenaias popeii	Unionidae	15993	13	2	refseq
mollusca	NC_072970.1	Postolata guangxiensis	Unionidae	15908	14	2	refseq
mollusca	NC_033858.1	Potamilus alatus	Unionidae	16560	14	2	refseq
mollusca	NC_028522.1	Potamilus leptodon	Unionidae	16133	13	2	refseq
mollusca	NC_057093.1	Potamilus streckersoni	Unionidae	16293	14	2	refseq
mollusca	NC_086519.1	Potomida acarnanica	Unionidae	16101	13	2	refseq
mollusca	NC_030073.1	Potomida littoralis	Unionidae	15789	13	2	refseq
mollusca	NC_086518.1	Potomida semirugata	Unionidae	16093	13	2	refseq
mollusca	NC_037431.1	Prolasmidonta heterodon	Unionidae	15909	14	2	refseq
mollusca	NC_057112.1	Pseudanodonta complanata	Unionidae	16171	13	2	refseq
mollusca	NC_042469.1	Pseudocuneopsis capitata	Unionidae	15845	13	2	refseq
mollusca	NC_066661.1	Pseudocuneopsis sichuanensis	Unionidae	15839	14	2	refseq
mollusca	NC_044112.1	Pseudodon vondembuschianus	Unionidae	16028	13	2	refseq
mollusca	NC_013661.1	Pyganodon grandis	Unionidae	15848	13	2	refseq
mollusca	NC_013658.1	Quadrula quadrula	Unionidae	16033	13	2	refseq
mollusca	NC_059765.1	Rectidens sumatrensis	Unionidae	15983	13	2	refseq
mollusca	NC_042470.1	Schistodesmus lampreyanus	Unionidae	15855	13	2	refseq
mollusca	NC_066662.1	Schistodesmus spinosus	Unionidae	15964	14	2	refseq
mollusca	NC_024943.1	Sinanodonta woodiana	Unionidae	16256	14	2	refseq
mollusca	NC_011763.1	Sinohyriopsis cumingii	Unionidae	15954	13	2	refseq
mollusca	NC_015110.1	Sinohyriopsis schlegelii	Unionidae	15939	13	2	refseq
mollusca	NC_022701.1	Sinosolenaia oleivora	Unionidae	16392	13	2	refseq
mollusca	NC_023250.1	Solenaia carinata	Unionidae	16716	14	2	refseq
mollusca	NC_026306.1	Tchangsinaia piscicula	Unionidae	15907	13	2	refseq
mollusca	NC_015483.1	Toxolasma parvum	Unionidae	15949	14	2	refseq
mollusca	NC_085465.1	Unio bruguierianus	Unionidae	15757	13	2	refseq
mollusca	NC_085464.1	Unio carneus	Unionidae	15821	13	2	refseq
mollusca	NC_033976.1	Unio crassus	Unionidae	15781	14	2	refseq
mollusca	NC_033854.1	Unio delphinus	Unionidae	15762	14	2	refseq
mollusca	NC_057113.1	Unio elongatulus	Unionidae	15763	13	2	refseq
mollusca	NC_085466.1	Unio gibbus	Unionidae	15824	13	2	refseq
mollusca	NC_085467.1	Unio gontierii	Unionidae	15788	13	2	refseq
mollusca	NC_085468.1	Unio ionicus	Unionidae	15785	13	2	refseq
mollusca	NC_057114.1	Unio mancus	Unionidae	15756	13	2	refseq
mollusca	NC_085469.1	Unio mardinensis	Unionidae	15792	13	2	refseq
mollusca	NC_015310.1	Unio pictorum	Unionidae	15760	13	2	refseq
mollusca	NC_088032.1	Unio sesirmensis	Unionidae	15757	13	2	refseq
mollusca	NC_085470.1	Unio terminalis	Unionidae	15743	13	2	refseq
mollusca	NC_085471.1	Unio tumidiformis	Unionidae	15739	13	2	refseq
mollusca	NC_085472.1	Unio vicarius	Unionidae	15707	13	2	refseq
mollusca	NC_015479.1	Utterbackia imbecillis	Unionidae	16103	14	2	refseq
mollusca	NC_015477.1	Utterbackia peninsularis	Unionidae	16803	14	2	refseq
mollusca	NC_013659.1	Venustaconcha ellipsiformis	Unionidae	17174	13	2	refseq
mollusca	NC_036381.1	Microceramus pontificus	Urocoptidae	14275	13	2	refseq
mollusca	NC_009689.1	Vampyroteuthis infernalis	Vampyroteuthidae	15617	13	2	refseq
mollusca	NC_056193.1	Callista chinensis	Veneridae	19703	13	2	refseq
mollusca	NC_068244.1	Cryptonema producta	Veneridae	20158	13	2	refseq
mollusca	NC_037916.1	Dosinia altior	Veneridae	17536	13	2	refseq
mollusca	NC_038063.1	Dosinia japonica	Veneridae	17693	13	2	refseq
mollusca	NC_037917.1	Dosinia troscheli	Veneridae	17229	13	2	refseq
mollusca	NC_045870.1	Macridiscus melanaegis	Veneridae	20738	12	2	refseq
mollusca	NC_045888.1	Macridiscus multifarius	Veneridae	20171	12	2	refseq
mollusca	NC_068245.1	Marcia hiantina	Veneridae	18549	13	2	refseq
mollusca	NC_068246.1	Marcia japonica	Veneridae	18232	13	2	refseq
mollusca	NC_068247.1	Marcia recens	Veneridae	18321	13	2	refseq
mollusca	NC_048487.1	Mercenaria mercenaria	Veneridae	18365	13	2	refseq
mollusca	NC_016174.1	Meretrix lamarckii	Veneridae	21209	13	2	refseq
mollusca	NC_014809.1	Meretrix lusoria	Veneridae	20268	13	2	refseq
mollusca	NC_022924.1	Meretrix lyrata	Veneridae	21625	13	2	refseq
mollusca	NC_013188.1	Meretrix meretrix	Veneridae	19826	12	2	refseq
mollusca	NC_012767.1	Meretrix petechialis	Veneridae	19567	12	2	refseq
mollusca	NC_016889.1	Paphia amabilis	Veneridae	19629	13	2	refseq
mollusca	NC_014579.1	Paphia euglypta	Veneridae	18643	12	2	refseq
mollusca	NC_016890.1	Paratapes textilis	Veneridae	18561	13	2	refseq
mollusca	NC_016891.1	Paratapes undulatus	Veneridae	18154	13	2	refseq
mollusca	NC_035757.1	Ruditapes decussatus	Veneridae	18995	13	2	refseq
mollusca	NC_031332.1	Ruditapes philippinarum	Veneridae	22089	13	2	refseq
mollusca	NC_065674.1	Ruditapes variegatus	Veneridae	20997	13	2	refseq
mollusca	NC_026728.1	Saxidomus purpurata	Veneridae	19637	12	2	refseq
mollusca	NC_068248.1	Tapes conspersus	Veneridae	18425	13	2	refseq
mollusca	NC_064209.1	Tapes dorsatus	Veneridae	18432	13	2	refseq
mollusca	NC_014583.1	Ceraesignum maximum	Vermetidae	15578	13	2	refseq
mollusca	NC_014580.1	Dendropoma gregarium	Vermetidae	15641	13	2	refseq
mollusca	NC_014585.1	Eualetes tulipa	Vermetidae	15078	13	2	refseq
mollusca	NC_014588.1	Thylacodes squamigerus	Vermetidae	15544	13	4	refseq
mollusca	NC_072244.1	Eleutherocaulis alte	Veronicellidae	14769	12	2	refseq
mollusca	NC_026045.1	Vertigo pusilla	Vertiginidae	14078	13	2	refseq
mollusca	NC_044766.1	Archivesica marissinica	Vesicomyidae	17374	13	2	refseq
mollusca	NC_051454.1	Ectenagena elongata	Vesicomyidae	16827	13	2	refseq
mollusca	NC_028724.1	Turneroconcha magnifica	Vesicomyidae	19738	13	2	refseq
mollusca	NC_025577.1	Cipangopaludina cathayensis	Viviparidae	17157	13	2	refseq
mollusca	NC_035734.1	Cipangopaludina chinensis	Viviparidae	17009	13	2	refseq
mollusca	NC_059028.1	Cipangopaludina longispira	Viviparidae	17356	13	2	refseq
mollusca	NC_035754.1	Cipangopaludina ussuriensis	Viviparidae	16596	13	2	refseq
mollusca	NC_035587.1	Margarya melanioides	Viviparidae	17083	13	2	refseq
mollusca	NC_035586.1	Margarya oxytropoides	Viviparidae	17044	13	2	refseq
mollusca	NC_051889.1	Rivularia auriculata	Viviparidae	16552	13	2	refseq
mollusca	NC_066479.1	Rivularia globosa	Viviparidae	16553	13	2	refseq
mollusca	NC_066478.1	Rivularia ovum	Viviparidae	16552	13	2	refseq
mollusca	NC_035735.1	Sinotaia aeruginosa	Viviparidae	17013	13	2	refseq
mollusca	NC_056961.1	Sinotaia quadrata	Viviparidae	17255	13	2	refseq
mollusca	NC_035733.1	Viviparus chui	Viviparidae	16392	13	2	refseq
mollusca	NC_013245.1	Cymbium olla	Volutidae	15375	13	2	refseq
mollusca	NC_085485.1	Fulgoraria chinoi	Volutidae	16173	13	2	refseq
mollusca	NC_084207.1	Fulgoraria rupestris rupestris	Volutidae	16223	13	2	refseq
mollusca	NC_088440.1	Voluta musica	Volutidae	15306	13	2	refseq
mollusca	NC_012428.1	Ascobulla fragilis	Volvatellidae	14745	13	2	refseq
mollusca	NC_059926.1	Xenophora japonica	Xenophoridae	15684	13	2	refseq
mollusca	NC_063753.1	Xylonora corona	Xylophagaidae	15083	12	2	refseq
mollusca	NC_063754.1	Xylophaga dorsalis	Xylophagaidae	16787	12	2	refseq
mollusca	NC_063755.1	Xylophaga oregona	Xylophagaidae	18220	12	2	refseq
mollusca	NC_063756.1	Xylophaga washingtona	Xylophagaidae	18624	12	2	refseq
